FOGLIO,PLLA,n_record,subalterni,CATEGORIA,TIPO,SUBTIPO,INDIRIZZO,NUMERO_CIVICO
05/A,39,1,,Edificio,SCUOLA,MATERNA/ELEMENTAREVIA MONDELLO,,5
011A,374,4,,Unità abitativa,ABITAZIONE DI SERVIZIO,ALLOGGIO CUSTODE,VIA SANTOCANALE,23/B
06/A,589,1,,Edificio,SCUOLA,ELEMENTARE,VIA TACITO,2 - 34
044A,726,1,,Terreno,AREA,AREA LIBERA,VIA CESAREO GIOVANNI ALFREDO,
044C,832,2,,Unità abitativa,ABITAZIONE DI SERVIZIO,ALLOGGIO CUSTODE,VIA CALTANISSETTA,27
47/G,869,1,,Edificio,SCUOLA,MEDIA,VIA TEMBIEN,1
047D,933,1,,Terreno,VERDE,VERDE PUBBLICO,VIA DOGALI,
128/,959,1,,Unità non abitativa,LOCALE,MAGAZZINO,PIAZZETTA DEL PARLATOIO,6
47/G,1178,1,,Edificio,SCUOLA,MEDIA,VIA TEMBIEN,1
47/G,1530,1,,Edificio,SCUOLA,MEDIA,VIA TEMBIEN,1
47/G,1531,2,,Edificio,IMPIANTO SPORTIVO,PALESTRA,VIA TEMBIEN,1
1,103,1,,Terreno,INFRASTRUTTURA INTERESSE GENERALE,POLIGONO DI TIRO,,
1,104,1,,Terreno,INFRASTRUTTURA INTERESSE GENERALE,POLIGONO DI TIRO,,
1,172,1,,Terreno,INFRASTRUTTURA INTERESSE GENERALE,POLIGONO DI TIRO,,
1,209,1,,Terreno,INFRASTRUTTURA INTERESSE GENERALE,POLIGONO DI TIRO,,
1,246,1,,Terreno,INFRASTRUTTURA INTERESSE GENERALE,POLIGONO DI TIRO,,
1,248,1,,Terreno,INFRASTRUTTURA INTERESSE GENERALE,POLIGONO DI TIRO,,
1,263,1,,Terreno,INFRASTRUTTURA INTERESSE GENERALE,POLIGONO DI TIRO,,
1,417,1,,Terreno,INFRASTRUTTURA INTERESSE GENERALE,POLIGONO DI TIRO,,
1,467,1,,Edificio,CULTURALE,MONUMENTO,VIA CAPO GALLO,
2,25,1,,Terreno,INFRASTRUTTURA INTERESSE GENERALE,POLIGONO DI TIRO,,
2,28,1,,Terreno,INFRASTRUTTURA INTERESSE GENERALE,POLIGONO DI TIRO,,
2,30,1,01-2,Terreno,INFRASTRUTTURA INTERESSE GENERALE,POLIGONO DI TIRO,,
2,36,1,,Terreno,INFRASTRUTTURA INTERESSE GENERALE,POLIGONO DI TIRO,,
2,39,1,,Terreno,INFRASTRUTTURA INTERESSE GENERALE,POLIGONO DI TIRO,,
2,41,1,,Terreno,INFRASTRUTTURA INTERESSE GENERALE,POLIGONO DI TIRO,,
2,43,1,,Terreno,INFRASTRUTTURA INTERESSE GENERALE,POLIGONO DI TIRO,,
2,46,1,,Terreno,INFRASTRUTTURA INTERESSE GENERALE,POLIGONO DI TIRO,,
2,53,1,,Terreno,INFRASTRUTTURA INTERESSE GENERALE,POLIGONO DI TIRO,,
2,513,1,,Area,AREA,PARZIALMENTE EDIFICATA,VIALE NICOLETTI ROSARIO,56
2,517,1,,Area,AREA,PARZIALMENTE EDIFICATA,VIALE NICOLETTI ROSARIO,56
2,637,1,,Area,AREA,PARZIALMENTE EDIFICATA,VIALE NICOLETTI ROSARIO,56
2,1214,1,,Unità non abitativa,LOCALE TECNICO,CALDAIA,VIA PEGASO,29
2,1580,1,,Terreno,VERDE,AGRICOLO,VIA EUFROSINE,15
2,3117,1,2,Unità abitativa,EDILIZIA RESIDENZIALE,ALLOGGIO (E.R.),VIA TIMEO,92
2,3118,1,1,Unità abitativa,EDILIZIA RESIDENZIALE,ALLOGGIO (E.R.),VIA TIMEO,92
2,3217,1,,Area,IMPIANTO TECNICO,SERBATOIO,VIA SPINA SANTA,2
2,3219,1,,Area,IMPIANTO TECNICO,SERBATOIO,VIA SPINA SANTA,2
2,3220,1,,Area,IMPIANTO TECNICO,SERBATOIO,VIA SPINA SANTA,2
2,3221,1,,Area,IMPIANTO TECNICO,SERBATOIO,VIA SPINA SANTA,2
2,3222,1,,Area,IMPIANTO TECNICO,SERBATOIO,VIA SPINA SANTA,2
2,3223,1,,Area,IMPIANTO TECNICO,SERBATOIO,VIA SPINA SANTA,2
2,4169,4,4 6 5 7,Unità abitativa,EDILIZIA RESIDENZIALE,ALLOGGIO (E.R.),VIA SPINA SANTA,170
2,5769,1,,Area,AREA,PARZIALMENTE EDIFICATA,VIALE NICOLETTI ROSARIO,56
4,1189,1,9,Unità abitativa,EDILIZIA RESIDENZIALE,ALLOGGIO (E.R.),VIA ATLANTE,9
4,1559,1,2,Unità non abitativa,LOCALE,BOX,VIA IFIGENIA,17/A
5,39 A.,2,,Unità abitativa,ABITAZIONE DI SERVIZIO,ALLOGGIO CUSTODE,VIA MONDELLO,5
5,102,3,20 19 27,Unità abitativa,EDILIZIA RESIDENZIALE,ALLOGGIO (E.R.),,14
5,263,1,,Terreno,PARCHEGGIO,PARCHEGGIO COMUNALE,VIA SALINE,
5,264,1,,Terreno,PARCHEGGIO,PARCHEGGIO COMUNALE,VIA SALINE,
5,3110,1,,Terreno,PARCHEGGIO,PARCHEGGIO COMUNALE,VIALE GALATEA,
5,3255,1,,Area,VERDE,AGRICOLO,,
6,4,1,,Area,IMPIANTO TECNICO,ACQUEDOTTO,,
6,200,1,,Area,AREA,PARZIALMENTE EDIFICATA,VIA LUOGHICELLI,75
6,813,1,,Terreno,EDILIZIA RESIDENZIALE,NON CLASSIFICATO,VIA SFERRACAVALLO,198
6,1277,1,,Area,AREA,PARZIALMENTE EDIFICATA,VIA LUOGHICELLI,75
6,1278,1,,Area,AREA,PARZIALMENTE EDIFICATA,VIA LUOGHICELLI,75
6,1279,1,,Area,AREA,PARZIALMENTE EDIFICATA,VIA LUOGHICELLI,75
6,1340,1,,Area,AREA,PARZIALMENTE EDIFICATA,VIA LUOGHICELLI,75
6,1341,1,,Area,AREA,PARZIALMENTE EDIFICATA,VIA LUOGHICELLI,75
7,218,1,,Terreno,VERDE,VILLA/GIARDINO,PIAZZA ROSSI,
7,593,1,,Edificio,SCUOLA,ELEMENTARE,VIA LIMONE,3
7,1825,3,2 1,Edificio,IMPIANTO TECNICO,ACQUEDOTTO,,SNC
8,167,1,23,Unità non abitativa,LOCALE,BOX,VIA LORENZINI CARLO COLLODI,4
8,168,20,11 9 15 13 30 8 14 12 23 28 27 32 7 29 31 17 21 22 3 4,Unità abitativa,EDILIZIA RESIDENZIALE PUBBLICA,ALLOGGIO (E.R.P.),VIA LORENZINI CARLO COLLODI,4
8,314,16,24 5 26 20 7 30 27 29 31 32 13 16 4 19 28 33,Unità abitativa,EDILIZIA RESIDENZIALE PUBBLICA,ALLOGGIO (E.R.P.),VIA CADUTI SUL LAVORO,86
8,594,1,,Unità non abitativa,LOCALE TECNICO,AUTOCLAVE,VIA VERNE GIULIO,3/5/7/9
8,802,1,32,Unità abitativa,EDILIZIA RESIDENZIALE,ALLOGGIO (E.R.),PIAZZA GUARESCHI GIOVANNI,2
8,1086,15,59 61 69 39 48 50 28 35 21 25 32 4 10 9 5,Unità abitativa,EDILIZIA RESIDENZIALE PUBBLICA,ALLOGGIO (E.R.P.),VIA VERNE GIULIO,8
8,1087,15,13 19 14 18 17 11 8 20 12 15 21 16 10 9 22,Unità non abitativa,LOCALE,BOX,VIA PARTANNA MONDELLO,25
9,271,1,,Terreno,PARCHEGGIO,PARCHEGGIO COMUNALE,VIA PATROCLO,
9,350,1,,Edificio,IMPIANTO SPORTIVO,CAMPO BASEBALL,VIALE DELL'OLIMPO,12
9,455,1,2,Unità abitativa,EDILIZIA RESIDENZIALE,ALLOGGIO (E.R.),VIA CHIRONE,33/35
9,535,1,,Edificio,IMPIANTO TECNICO,IMPIANTO DI DEPURAZIONE,VIALE DELL'OLIMPO,
9,550,1,,Edificio,IMPIANTO TECNICO,IMPIANTO DI DEPURAZIONE,VIALE DELL'OLIMPO,
9,651,1,2,Unità abitativa,EDILIZIA RESIDENZIALE,ALLOGGIO (E.R.),VIA CHIRONE,33/35
10,727,1,,Terreno,VERDE,AGRICOLO,VIA DELL'ULIVO,
11,661,1,,Area,IMPIANTO TECNICO,SERBATOIO,VIA PARROCCHIA (DIETRO),2
12,D2140,1,,Terreno,VERDE,AGRICOLO,LUNGOMARE COLOMBO CRISTOFORO,
12,2028,1,3,Unità abitativa,EDILIZIA RESIDENZIALE,ALLOGGIO (E.R.),VIA PIZZARRO FRANCESCO,4
12,2548,1,,Terreno,STRADA,REGIA TRAZZERA,LUNGOMARE COLOMBO CRISTOFORO,SNC
14,501,1,,Terreno,AREA,PARZIALMENTE EDIFICATA,VIA LA MANTIA GIUSEPPE,9
14,2147,1,,Terreno,AREA,TERRENO,VIA COLLEGIO ROMANO,SNC
14,2149,1,,Terreno,AREA,TERRENO,VIA COLLEGIO ROMANO,SNC
14,2152,1,,Terreno,AREA,TERRENO,VIA COLLEGIO ROMANO,SNC
14,2412,2,,Terreno,AREA,PARZIALMENTE EDIFICATA,VIA LA MANTIA GIUSEPPE,11
14,3299,2,,Terreno,AREA,PARZIALMENTE EDIFICATA,VIA LA MANTIA GIUSEPPE,11
15,203,1,,Terreno,VERDE,VERDE PUBBLICO,VIA LANZA DI SCALEA GIUSEPPE,
15,285,1,,Unità non abitativa,LOCALE,MAGAZZINO,VIA VILLA CARDILLO,
15,1044,1,,Terreno,VERDE,VERDE PUBBLICO,VIA LANZA DI SCALEA GIUSEPPE,
15,1098,1,,Terreno,VERDE,VERDE PUBBLICO,VIA ZAPPA GINO,1
15,1100,1,,Terreno,VERDE,VERDE PUBBLICO,VIA ZAPPA GINO,1
15,1110,1,,Terreno,VERDE,VERDE PUBBLICO,VIA LANZA DI SCALEA GIUSEPPE,
15,1112,1,,Terreno,VERDE,VERDE PUBBLICO,VIA LANZA DI SCALEA GIUSEPPE,
15,1114,1,,Terreno,VERDE,VERDE PUBBLICO,VIA LANZA DI SCALEA GIUSEPPE,
15,1116,1,,Terreno,VERDE,VERDE PUBBLICO,VIA LANZA DI SCALEA GIUSEPPE,
15,1132,1,,Terreno,VERDE,VERDE PUBBLICO,VIA LANZA DI SCALEA GIUSEPPE,
16,1493,1,,Unità abitativa,EDILIZIA RESIDENZIALE,ALLOGGIO (E.R.),VIA LO VALVO ORESTE,31
17,57 QP,2,,Unità abitativa,ABITAZIONE DI SERVIZIO,ALLOGGIO CUSTODE,VIA SMITH ADAMO,19/21
17,1,1,,Edificio,IMPIANTO SPORTIVO,VELODROMO,VIA LANZA DI SCALEA GIUSEPPE,1
17,9,1,,Terreno,VERDE,FONDO,VIA S.LORENZO,SNC
17,37,3,2 1,Unità abitativa,EDILIZIA RESIDENZIALE,ALLOGGIO (E.R.),VIA PATTI,5
17,51,1,,Edificio,IMPIANTO SPORTIVO,VELODROMO,VIA LANZA DI SCALEA GIUSEPPE,1
17,57,2,,Edificio,SCUOLA,ELEMENTARE,VIA SMITH ADAMO,19/21
18,277,1,,Edificio,SCUOLA,ASILO NIDO,VIA GIRARDENGO COSTANTE,18 / 20
19,2747,12,15,Unità non abitativa,EDILIZIA RESIDENZIALE,NON CLASSIFICATO,VIA CASTELFORTE,5
20,126,1,,Area,IMPIANTO TECNICO,IMPIANTO DI SOLLEVAMENTO,VIALE REGIONE SICILIANA N.O.,780
20,423,1,,Terreno,PARCHEGGIO,PARCHEGGIO COMUNALE,VIA LA MALFA UGO,
20,433,1,,Terreno,PARCHEGGIO,PARCHEGGIO COMUNALE,VIA LA MALFA UGO,
20,438,1,,Terreno,PARCHEGGIO,PARCHEGGIO COMUNALE,VIA LA MALFA UGO,
20,1058,1,43,Edificio,SCUOLA,MEDIA,VIA ASTORINO GERARDO,31
20,1059,1,1,Edificio,SCUOLA,MATERNA,VIA DOMINO CLAUDIO,4
20,1641,1,,Terreno,PARCHEGGIO,PARCHEGGIO COMUNALE,VIA LA MALFA UGO,
20,1645,1,,Terreno,PARCHEGGIO,PARCHEGGIO COMUNALE,VIA LA MALFA UGO,
20,1646,1,,Terreno,PARCHEGGIO,PARCHEGGIO COMUNALE,VIA LA MALFA UGO,
20,1648,1,,Terreno,PARCHEGGIO,PARCHEGGIO COMUNALE,VIA LA MALFA UGO,
20,1826,1,,Terreno,PARCHEGGIO,PARCHEGGIO COMUNALE,VIA LA MALFA UGO,
22,113,1,,Terreno,AREA,TERRENO CON EDIFICIOVIALE STRASBURGO,,191
22,114,1,,Terreno,AREA,TERRENO CON EDIFICIOVIALE STRASBURGO,,191
22,181,1,,Terreno,IMPIANTO SPORTIVO,CAMPO TENNIS,VIA ALDISIO SALVATORE,
22,810,1,,Edificio,SCUOLA,MATERNA/ELEMENTAREVIA S.LORENZO,,85
22,883,1,,Edificio,EDILIZIA RESIDENZIALE,NON CLASSIFICATO,VICOLO PANTELLERIA,10
22,1432,1,9,Unità abitativa,EDILIZIA RESIDENZIALE,ALLOGGIO (E.R.),VIALE STRASBURGO,440
22,1925,1,,Terreno,VERDE,VERDE PUBBLICO,VIA DEI QUARTIERI,21
22,2100,1,,Terreno,AREA,TERRENO CON EDIFICIOVIALE STRASBURGO,,191
22,2393,8,4 6 8 29 41 56 86 30,Unità abitativa,EDILIZIA RESIDENZIALE,ALLOGGIO (E.R.),VIALE CROCE ROSSA,222
22,2397,14,17 21 22 23 36 39 40 41 1 6 3 5 4,Unità abitativa,EDILIZIA RESIDENZIALE,ALLOGGIO (E.R.),VIALE CROCE ROSSA,206
22,2400,1,,Terreno,PARCHEGGIO,PARCHEGGIO COMUNALE,VIALE FRANCIA,
22,2403,1,,Terreno,PARCHEGGIO,PARCHEGGIO COMUNALE,VIALE FRANCIA,
22,2407,1,,Terreno,PARCHEGGIO,PARCHEGGIO COMUNALE,VIALE FRANCIA,
22,2409,1,,Terreno,PARCHEGGIO,PARCHEGGIO COMUNALE,VIALE FRANCIA,
22,2444,1,,Terreno,AREA,TERRENO,VIA VILLA GIOCOSA,
22,2846,1,1,Edificio,SCUOLA,MEDIA,VIA DI GIOVANNI FILIPPO,88
23,44,2,,Edificio,IMPIANTO SPORTIVO,PISCINA,VIALE DEL FANTE,11
23,135,1,,Area,IMPIANTO SPORTIVO,CIRCOLO TENNIS,VIALE DEL FANTE,3
23,141,1,,Edificio,UFFICIO,UFFICIO COMUNALE,PIAZZA NISCEMI,1
23,144,1,,Edificio,ABITAZIONE DI SERVIZIO,ALLOGGIO CUSTODE,PIAZZA NISCEMI,3
25,341,1,,Edificio,SCUOLA,MEDIA,VIA MARTURANO RUGGERO,77-79
25,344,1,,Edificio,SCUOLA,MEDIA,VIA MARTURANO RUGGERO,77-79
25,417,1,28,Unità abitativa,EDILIZIA RESIDENZIALE,ALLOGGIO (E.R.),VIA SERGIO PAPA I,57
25,1252,1,2,Unità abitativa,EDILIZIA RESIDENZIALE,ALLOGGIO (E.R.),VIA VERGINE MARIA,109 EX 83
25,1428,1,,Edificio,SCUOLA,MEDIA,VIA MARTURANO RUGGERO,77-79
25,1429,1,,Edificio,SCUOLA,MEDIA,VIA MARTURANO RUGGERO,77-79
25,1440,1,,Edificio,SCUOLA,MATERNA,VIA DELLA BARCA,1
25,1494,1,,Terreno,AREA,TERRENO,VIA VERGINE MARIA,
25,2536,1,3,Unità abitativa,EDILIZIA RESIDENZIALE,ALLOGGIO (E.R.),LUNGOMARE COLOMBO CRISTOFORO,108
27,791,1,,Terreno,AREA,AREA LIBERA,VIA INSERRA,
28,40,1,,Unità non abitativa,LOCALE,MAGAZZINO,CASE ROCCA,11
28,76,1,,Edificio,EDILIZIA RESIDENZIALE,NON CLASSIFICATO,VIA PANEBIANCO MICHELE,"10,14,18"
28,3361,1,1,Edificio,SCUOLA,ELEMENTARE,VIA INSERRA,1
28,3367,1,1,Edificio,SCUOLA,ELEMENTARE,VIA INSERRA,1
29,194,4,,Unità abitativa,ABITAZIONE DI SERVIZIO,ALLOGGIO CUSTODE,VIA MONTE S.CALOGERO,29
29,273,1,,Terreno,VERDE,VILLA/GIARDINO,VIALE PRAGA,
29,354,2,,Edificio,IMPIANTO SPORTIVO,PALESTRA,VIA MONTE S.CALOGERO,20
29,451,2,,Edificio,IMPIANTO SPORTIVO,PALESTRA,VIA MONTE S.CALOGERO,20
29,452,2,,Edificio,IMPIANTO SPORTIVO,PALESTRA,VIA MONTE S.CALOGERO,20
29,753,4,1 23,Unità non abitativa,SCUOLA,INFANZIA,VIA MONTI IBLEI,49
29,1351,1,107,Unità non abitativa,LOCALE,BOX,VIA MONTE S.CALOGERO,03/07/2026
29,1968,1,,Terreno,VERDE,VERDE PUBBLICO,VIA TRABUCCO,
29,1969,1,,Terreno,VERDE,VERDE PUBBLICO,VIA TRABUCCO,
29,1970,1,,Terreno,VERDE,VERDE PUBBLICO,VIA TRABUCCO,
29,1972,1,,Terreno,VERDE,VERDE PUBBLICO,VIA TRABUCCO,
29,1973,1,,Terreno,VERDE,VERDE PUBBLICO,VIA TRABUCCO,
29,1982,1,,Terreno,PARCHEGGIO,PARCHEGGIO COMUNALE,VIA BELGIO,
29,1988,1,,Terreno,PARCHEGGIO,PARCHEGGIO COMUNALE,VIALE FRANCIA,
29,1989,1,,Terreno,PARCHEGGIO,PARCHEGGIO COMUNALE,VIALE FRANCIA,
29,1991,1,,Terreno,PARCHEGGIO,PARCHEGGIO COMUNALE,VIALE FRANCIA,
30,491/A,1,,Terreno,VERDE,VERDE PUBBLICO,VIALE DE GASPERI ALCIDE,
30,356,1,,Terreno,VERDE,VERDE PUBBLICO,PIAZZA LEONI,
30,464,1,,Edificio,SCUOLA,ELEMENTARE,LARGO TRINACRIA,1
30,474,1,,Edificio,SCUOLA,ELEMENTARE,LARGO TRINACRIA,1
30,574,2,,Unità abitativa,ABITAZIONE DI SERVIZIO,ALLOGGIO CUSTODE,VIA ABRUZZI,2
30,2147,1,89,Edificio,SCUOLA,MEDIA,VIALE CROCE ROSSA,113
30,2153,1,36,Edificio,SCUOLA,MEDIA,VIALE CROCE ROSSA,113
30,2221,1,1,Edificio,SCUOLA,MEDIA,VIALE CROCE ROSSA,113
31,660,1,8,Unità abitativa,EDILIZIA RESIDENZIALE,ALLOGGIO (E.R.),PIAZZA LEONI,76
32,320,1,,Edificio,SCUOLA,ASILO NIDO,VIA TOSELLI PIETRO MAGG.,85A
33,0,1,,Edificio,ARREDO URBANO,CHIOSCO,PIAZZA GENTILI ALBERICO,5
34,756,9,1 6,Unità abitativa,EDILIZIA RESIDENZIALE PUBBLICA,ALLOGGIO (E.R.P.),VIA DON GIOVANNI MINZONI,5
34,757,3,1 3 9,Unità abitativa,EDILIZIA RESIDENZIALE PUBBLICA,ALLOGGIO (E.R.P.),VIA DON GIOVANNI MINZONI,5
34,1086,5,3 4 7 13 19,Unità abitativa,EDILIZIA RESIDENZIALE PUBBLICA,ALLOGGIO (E.R.P.),VIA DON GIOVANNI MINZONI,2
35,639,1,,Terreno,AREA,AREA LIBERA,VIA MONTALBO,
35,1622,3,21 2 1,Unità abitativa,EDILIZIA RESIDENZIALE,ALLOGGIO (E.R.),VIA PERSANO AMMIRAGLIO,44
35,1821,1,17,Unità abitativa,EDILIZIA RESIDENZIALE,ALLOGGIO (E.R.),VIA PERSANO AMMIRAGLIO,24
35,2110,1,40,Unità abitativa,EDILIZIA RESIDENZIALE,ALLOGGIO (E.R.),PASSAGGIO VENTURINI FERNANDA8,
35,2374,2,7 11,Unità abitativa,EDILIZIA RESIDENZIALE PUBBLICA,ALLOGGIO (E.R.P.),VIA JUVARA ALOISIO,103
37,2413,1,3,Unità non abitativa,EDILIZIA RESIDENZIALE,MAGAZZINO (E.R.),VIA AIROLDI CESARE,45-47-51
38,32,1,,Edificio,IMPIANTO SPORTIVO,CAMPO CALCETTO,LARGO GIBILMANNA,8
38,53,1,,Edificio,IMPIANTO SPORTIVO,CAMPO CALCETTO,LARGO GIBILMANNA,8
38,152,1,,Terreno,COMMERCIALE,CENTRO COMMERCIALEVIA TORRE INGASTONE,,
38,277,1,,Edificio,IMPIANTO SPORTIVO,PALAZZETTO DELLO SPORT,VIALE LEONARDO DA VINCI,635
38,316,4,2 4 6 7,Unità abitativa,EDILIZIA RESIDENZIALE PUBBLICA,ALLOGGIO (E.R.P.),VIA PARRINI,16
38,317,2,15 19,Unità abitativa,EDILIZIA RESIDENZIALE PUBBLICA,ALLOGGIO (E.R.P.),VIA PARRINI,16
38,319,1,12,Unità abitativa,EDILIZIA RESIDENZIALE PUBBLICA,ALLOGGIO (E.R.P.),VIA PARRINI,16
38,432,2,,Edificio,IMPIANTO SPORTIVO,PALAZZETTO DELLO SPORT,VIALE LEONARDO DA VINCI,635
38,467,1,39,Edificio,SCUOLA,MATERNA,VIA CASTELLANA,85
38,799,1,,Edificio,SCUOLA,MEDIA,VIA BRUNETTO FILIPPO,
38,1759,12,1 4 5 6 7 11 12 14 16 20 21 23,Unità abitativa,EDILIZIA RESIDENZIALE PUBBLICA,ALLOGGIO (E.R.P.),VIA ERICE,17
38,1760,15,1 3 35 15 16 17 18 19 22 25 27 29 30 31 32,Unità abitativa,EDILIZIA RESIDENZIALE PUBBLICA,ALLOGGIO (E.R.P.),VIA ERICE,25
38,2296,27,2 3 4 5 6 8 9 10 11 12 13 14 15 16 17 18 19 20 21 23 24 25 26 27 28 29 30,Unità abitativa,EDILIZIA RESIDENZIALE PUBBLICA,ALLOGGIO (E.R.P.),LARGO DELLE PETRALIE,1
38,2389,4,4 8 1 2,Unità abitativa,EDILIZIA RESIDENZIALE PUBBLICA,ALLOGGIO (E.R.P.),LARGO CALTABELLOTTA,6
38,2390,11,1 6 7 10 42 15 16 17 23 35 36,Unità abitativa,EDILIZIA RESIDENZIALE PUBBLICA,ALLOGGIO (E.R.P.),LARGO NICOSIA,1
38,2391,6,1 5 7 8 10 12,Unità abitativa,EDILIZIA RESIDENZIALE PUBBLICA,ALLOGGIO (E.R.P.),LARGO NICOSIA,5
38,3357,3,3 15 20,Unità abitativa,EDILIZIA RESIDENZIALE PUBBLICA,ALLOGGIO (E.R.P.),VIA SCAGLIONE PIETRO,131
38,3358,4,3 17 29 22,Unità abitativa,EDILIZIA RESIDENZIALE PUBBLICA,ALLOGGIO (E.R.P.),VIA SCAGLIONE PIETRO,131
38,4328,19,1 4 6 5 10 12 11 14 13 16 15 18 17 20 19 22 21 24 23,Unità abitativa,EDILIZIA RESIDENZIALE PUBBLICA,ALLOGGIO (E.R.P.),VIA DELL'AQUILA PIETRO,7
38,4330,1,,Unità abitativa,EDILIZIA RESIDENZIALE PUBBLICA,ALLOGGIO (E.R.P.),VIA DELL'AQUILA PIETRO,7
38,4331,1,,Unità abitativa,EDILIZIA RESIDENZIALE PUBBLICA,ALLOGGIO (E.R.P.),VIA DELL'AQUILA PIETRO,7
38,4332,1,,Unità abitativa,EDILIZIA RESIDENZIALE PUBBLICA,ALLOGGIO (E.R.P.),VIA DELL'AQUILA PIETRO,5
38,4333,1,,Unità abitativa,EDILIZIA RESIDENZIALE PUBBLICA,ALLOGGIO (E.R.P.),VIA DELL'AQUILA PIETRO,5
38,4336,1,,Unità abitativa,EDILIZIA RESIDENZIALE PUBBLICA,ALLOGGIO (E.R.P.),VIA DELL'AQUILA PIETRO,3
38,4337,1,,Unità abitativa,EDILIZIA RESIDENZIALE PUBBLICA,ALLOGGIO (E.R.P.),VIA DELL'AQUILA PIETRO,3
38,4338,1,,Unità abitativa,EDILIZIA RESIDENZIALE PUBBLICA,ALLOGGIO (E.R.P.),VIA DELL'AQUILA PIETRO,3
38,4340,1,,Unità abitativa,EDILIZIA RESIDENZIALE PUBBLICA,ALLOGGIO (E.R.P.),VIA DELL'AQUILA PIETRO,1
38,4342,18,2 1 3 6 25 7 10 11 13 18 17 20 19 22 21 24 23 14,Unità abitativa,EDILIZIA RESIDENZIALE PUBBLICA,ALLOGGIO (E.R.P.),VIA ALIBRANDI GIROLAMO,15
38,4396,14,2 4 6 10 9 12 14 17 18 20 19 22 21 23,Unità abitativa,EDILIZIA RESIDENZIALE PUBBLICA,ALLOGGIO (E.R.P.),VIA CARRECA ANDREA,5
38,4398,1,,Unità abitativa,EDILIZIA RESIDENZIALE PUBBLICA,ALLOGGIO (E.R.P.),VIA CARRECA ANDREA,5
38,4399,1,,Unità abitativa,EDILIZIA RESIDENZIALE PUBBLICA,ALLOGGIO (E.R.P.),VIA CARRECA ANDREA,5
38,4400,1,,Unità abitativa,EDILIZIA RESIDENZIALE PUBBLICA,ALLOGGIO (E.R.P.),VIA CARRECA ANDREA,3
38,4401,1,,Unità abitativa,EDILIZIA RESIDENZIALE PUBBLICA,ALLOGGIO (E.R.P.),VIA CARRECA ANDREA,3
38,4403,1,,Unità abitativa,EDILIZIA RESIDENZIALE PUBBLICA,ALLOGGIO (E.R.P.),VIA CARRECA ANDREA,1
38,4404,1,,Unità abitativa,EDILIZIA RESIDENZIALE PUBBLICA,ALLOGGIO (E.R.P.),VIA CARRECA ANDREA,1
38,4405,26,1 2 4 3 6 5 8 7 10 9 12 11 14 13 15 16 18 17 20 22 21 24 23 26 25 27,Unità abitativa,EDILIZIA RESIDENZIALE PUBBLICA,ALLOGGIO (E.R.P.),VIA CARRECA ANDREA,2
38,4406,1,,Unità abitativa,EDILIZIA RESIDENZIALE PUBBLICA,ALLOGGIO (E.R.P.),VIA CARRECA ANDREA,4
38,4407,1,,Unità abitativa,EDILIZIA RESIDENZIALE PUBBLICA,ALLOGGIO (E.R.P.),VIA CARRECA ANDREA,4
38,4408,1,,Unità abitativa,EDILIZIA RESIDENZIALE PUBBLICA,ALLOGGIO (E.R.P.),VIA CARRECA ANDREA,2
38,4409,1,,Unità abitativa,EDILIZIA RESIDENZIALE PUBBLICA,ALLOGGIO (E.R.P.),VIA CARRECA ANDREA,2
38,4410,1,,Unità abitativa,EDILIZIA RESIDENZIALE PUBBLICA,ALLOGGIO (E.R.P.),VIA CARRECA ANDREA,2
38,4411,1,,Unità abitativa,EDILIZIA RESIDENZIALE PUBBLICA,ALLOGGIO (E.R.P.),VIA CARRECA ANDREA,3
38,4412,1,,Unità abitativa,EDILIZIA RESIDENZIALE PUBBLICA,ALLOGGIO (E.R.P.),VIA CARRECA ANDREA,3
38,4413,1,,Unità abitativa,EDILIZIA RESIDENZIALE PUBBLICA,ALLOGGIO (E.R.P.),VIA CARRECA ANDREA,4
38,4415,1,,Unità abitativa,EDILIZIA RESIDENZIALE PUBBLICA,ALLOGGIO (E.R.P.),VIALE MICHELANGELO,1943
38,4416,1,,Unità abitativa,EDILIZIA RESIDENZIALE PUBBLICA,ALLOGGIO (E.R.P.),VIALE MICHELANGELO,1943
38,4417,1,,Unità abitativa,EDILIZIA RESIDENZIALE PUBBLICA,ALLOGGIO (E.R.P.),VIALE MICHELANGELO,1943
38,4420,1,,Unità abitativa,EDILIZIA RESIDENZIALE PUBBLICA,ALLOGGIO (E.R.P.),VIALE MICHELANGELO,1959
38,4421,13,2 3 4 5 6 7 8 9 10 13 14 15 17,Unità abitativa,EDILIZIA RESIDENZIALE PUBBLICA,ALLOGGIO (E.R.P.),VIALE MICHELANGELO,2015
38,4422,1,,Unità abitativa,EDILIZIA RESIDENZIALE PUBBLICA,ALLOGGIO (E.R.P.),VIALE MICHELANGELO,1991
38,4423,1,,Unità abitativa,EDILIZIA RESIDENZIALE PUBBLICA,ALLOGGIO (E.R.P.),VIALE MICHELANGELO,1991
38,4424,1,,Unità abitativa,EDILIZIA RESIDENZIALE PUBBLICA,ALLOGGIO (E.R.P.),VIALE MICHELANGELO,1991
38,4425,1,,Unità abitativa,EDILIZIA RESIDENZIALE PUBBLICA,ALLOGGIO (E.R.P.),VIALE MICHELANGELO,2015
38,4426,1,,Unità abitativa,EDILIZIA RESIDENZIALE PUBBLICA,ALLOGGIO (E.R.P.),VIALE MICHELANGELO,2015
38,4428,24,2 3 4 5 6 9 11 12 15 16 17 19 20 23 26 28 29 30 32 33 34 35 37 40,Unità abitativa,EDILIZIA RESIDENZIALE PUBBLICA,ALLOGGIO (E.R.P.),VIA PALADINI FILIPPO,2
38,4430,1,,Unità abitativa,EDILIZIA RESIDENZIALE PUBBLICA,ALLOGGIO (E.R.P.),VIA PALADINI FILIPPO,2
38,4431,1,,Unità abitativa,EDILIZIA RESIDENZIALE PUBBLICA,ALLOGGIO (E.R.P.),VIA PALADINI FILIPPO,2
38,4432,1,,Unità abitativa,EDILIZIA RESIDENZIALE PUBBLICA,ALLOGGIO (E.R.P.),VIA PALADINI FILIPPO,4
38,4433,1,,Unità abitativa,EDILIZIA RESIDENZIALE PUBBLICA,ALLOGGIO (E.R.P.),VIA PALADINI FILIPPO,4
38,4434,1,,Unità abitativa,EDILIZIA RESIDENZIALE PUBBLICA,ALLOGGIO (E.R.P.),VIA PALADINI FILIPPO,4
38,4435,1,,Unità abitativa,EDILIZIA RESIDENZIALE PUBBLICA,ALLOGGIO (E.R.P.),VIA PALADINI FILIPPO,4
38,4437,1,,Unità abitativa,EDILIZIA RESIDENZIALE PUBBLICA,ALLOGGIO (E.R.P.),VIA PALADINI FILIPPO,6
38,4438,2,,Unità abitativa,EDILIZIA RESIDENZIALE PUBBLICA,ALLOGGIO (E.R.P.),VIA PALADINI FILIPPO,6
38,4439,36,1 2 3 4 7 8 10 11 12 15 16 17 18 19 20 21 22 23 24 25 26 27 28 29 30 31 32 33 34 35 36 37 90 40 41 42,Unità abitativa,EDILIZIA RESIDENZIALE PUBBLICA,ALLOGGIO (E.R.P.),VIA ALIBRANDI GIROLAMO,5
38,4440,1,,Unità abitativa,EDILIZIA RESIDENZIALE PUBBLICA,ALLOGGIO (E.R.P.),VIA ALIBRANDI GIROLAMO,1
38,4441,1,,Unità abitativa,EDILIZIA RESIDENZIALE PUBBLICA,ALLOGGIO (E.R.P.),VIA ALIBRANDI GIROLAMO,1
38,4442,1,,Unità abitativa,EDILIZIA RESIDENZIALE PUBBLICA,ALLOGGIO (E.R.P.),VIA ALIBRANDI GIROLAMO,1
38,4443,1,,Unità abitativa,EDILIZIA RESIDENZIALE PUBBLICA,ALLOGGIO (E.R.P.),VIA ALIBRANDI GIROLAMO,3
38,4444,1,,Unità abitativa,EDILIZIA RESIDENZIALE PUBBLICA,ALLOGGIO (E.R.P.),VIA ALIBRANDI GIROLAMO,3
38,4446,1,,Unità abitativa,EDILIZIA RESIDENZIALE PUBBLICA,ALLOGGIO (E.R.P.),VIA ALIBRANDI GIROLAMO,5
38,4448,1,,Unità abitativa,EDILIZIA RESIDENZIALE PUBBLICA,ALLOGGIO (E.R.P.),VIA ALIBRANDI GIROLAMO,5
38,4449,27,19 20 21 38 23 25 26 27 28 30 32 33 34 1 2 3 4 5 6 7 8 11 13 14 15 16 17,Unità abitativa,EDILIZIA RESIDENZIALE PUBBLICA,ALLOGGIO (E.R.P.),VIA ALIBRANDI GIROLAMO,9
38,4451,1,,Unità abitativa,EDILIZIA RESIDENZIALE PUBBLICA,ALLOGGIO (E.R.P.),VIA ALIBRANDI GIROLAMO,7
38,4452,13,1 2 3 4 5 6 8 9 10 12 15 17 19,Unità abitativa,EDILIZIA RESIDENZIALE PUBBLICA,ALLOGGIO (E.R.P.),VIA CALANDRUCCI GIACINTO,2
38,4453,1,,Unità abitativa,EDILIZIA RESIDENZIALE PUBBLICA,ALLOGGIO (E.R.P.),VIA CALANDRUCCI GIACINTO,4
38,4456,1,,Unità abitativa,EDILIZIA RESIDENZIALE PUBBLICA,ALLOGGIO (E.R.P.),VIA CALANDRUCCI GIACINTO,2
38,4457,1,,Unità abitativa,EDILIZIA RESIDENZIALE PUBBLICA,ALLOGGIO (E.R.P.),VIA CALANDRUCCI GIACINTO,2
38,4458,1,,Unità abitativa,EDILIZIA RESIDENZIALE PUBBLICA,ALLOGGIO (E.R.P.),VIA ALIBRANDI GIROLAMO,5
38,4459,1,,Unità abitativa,EDILIZIA RESIDENZIALE PUBBLICA,ALLOGGIO (E.R.P.),VIA CALANDRUCCI GIACINTO,2
38,4460,34,2 3 4 5 6 7 8 9 10 11 12 13 14 15 16 17 18 19 20 21 22 23 24 25 27 28 30 32 31 35 40 39 42 41,Unità abitativa,EDILIZIA RESIDENZIALE PUBBLICA,ALLOGGIO (E.R.P.),VIA RAGUSA GIAMBATTISTA,2
38,4461,1,,Unità abitativa,EDILIZIA RESIDENZIALE PUBBLICA,ALLOGGIO (E.R.P.),VIA RAGUSA GIAMBATTISTA,2
38,4462,1,,Unità abitativa,EDILIZIA RESIDENZIALE PUBBLICA,ALLOGGIO (E.R.P.),VIA RAGUSA GIAMBATTISTA,4
38,4466,1,,Unità abitativa,EDILIZIA RESIDENZIALE PUBBLICA,ALLOGGIO (E.R.P.),VIA RAGUSA GIAMBATTISTA,2
38,4467,1,,Unità abitativa,EDILIZIA RESIDENZIALE PUBBLICA,ALLOGGIO (E.R.P.),VIA RAGUSA GIAMBATTISTA,4
38,4470,1,,Unità abitativa,EDILIZIA RESIDENZIALE PUBBLICA,ALLOGGIO (E.R.P.),VIA RAGUSA GIAMBATTISTA,6
38,4471,65,1 2 4 3 6 5 8 71 10 9 12 11 14 13 15 16 18 17 20 19 22 21 24 23 26 25 28 27 29 30 32 31 34 33 36 35 38 37 40 39 42 43 44 46 45 48 47 49 52 51 54 53 56 57 58 60 59 62 61 64 63 66 65 70 69,Unità abitativa,EDILIZIA RESIDENZIALE PUBBLICA,ALLOGGIO (E.R.P.),VIA DELL'AQUILA PIETRO,2
38,4472,1,,Unità abitativa,EDILIZIA RESIDENZIALE PUBBLICA,ALLOGGIO (E.R.P.),VIA DELL'AQUILA PIETRO,2
38,4473,1,,Unità abitativa,EDILIZIA RESIDENZIALE PUBBLICA,ALLOGGIO (E.R.P.),VIA DELL'AQUILA PIETRO,2
38,4474,1,,Unità abitativa,EDILIZIA RESIDENZIALE PUBBLICA,ALLOGGIO (E.R.P.),VIA DELL'AQUILA PIETRO,2
38,4475,1,,Unità abitativa,EDILIZIA RESIDENZIALE PUBBLICA,ALLOGGIO (E.R.P.),VIA DELL'AQUILA PIETRO,4
38,4476,1,,Unità abitativa,EDILIZIA RESIDENZIALE PUBBLICA,ALLOGGIO (E.R.P.),VIA DELL'AQUILA PIETRO,4
38,4477,1,,Unità abitativa,EDILIZIA RESIDENZIALE PUBBLICA,ALLOGGIO (E.R.P.),VIA DELL'AQUILA PIETRO,4
38,4478,1,,Unità abitativa,EDILIZIA RESIDENZIALE PUBBLICA,ALLOGGIO (E.R.P.),VIA DELL'AQUILA PIETRO,4
38,4479,1,,Unità abitativa,EDILIZIA RESIDENZIALE PUBBLICA,ALLOGGIO (E.R.P.),VIA DELL'AQUILA PIETRO,6
38,4480,1,,Unità abitativa,EDILIZIA RESIDENZIALE PUBBLICA,ALLOGGIO (E.R.P.),VIA DELL'AQUILA PIETRO,6
38,4490,1,,Unità abitativa,EDILIZIA RESIDENZIALE PUBBLICA,ALLOGGIO (E.R.P.),VIA DELL'AQUILA PIETRO,6
38,4491,1,,Unità abitativa,EDILIZIA RESIDENZIALE PUBBLICA,ALLOGGIO (E.R.P.),VIA DELL'AQUILA PIETRO,6
38,4492,1,,Unità abitativa,EDILIZIA RESIDENZIALE PUBBLICA,ALLOGGIO (E.R.P.),VIA CARRECA ANDREA,1
38,4493,1,,Unità abitativa,EDILIZIA RESIDENZIALE PUBBLICA,ALLOGGIO (E.R.P.),VIA DELL'AQUILA PIETRO,8
38,4494,1,,Unità abitativa,EDILIZIA RESIDENZIALE PUBBLICA,ALLOGGIO (E.R.P.),VIA DELL'AQUILA PIETRO,8
38,4495,1,,Unità abitativa,EDILIZIA RESIDENZIALE PUBBLICA,ALLOGGIO (E.R.P.),VIA DELL'AQUILA PIETRO,8
38,4496,1,,Unità abitativa,EDILIZIA RESIDENZIALE PUBBLICA,ALLOGGIO (E.R.P.),VIA DELL'AQUILA PIETRO,10
38,4497,1,,Unità abitativa,EDILIZIA RESIDENZIALE PUBBLICA,ALLOGGIO (E.R.P.),VIA DELL'AQUILA PIETRO,10
38,4498,1,,Unità abitativa,EDILIZIA RESIDENZIALE PUBBLICA,ALLOGGIO (E.R.P.),VIA DELL'AQUILA PIETRO,10
38,4499,13,1 2 4 3 6 5 8 9 12 14 13 16 15,Unità abitativa,EDILIZIA RESIDENZIALE PUBBLICA,ALLOGGIO (E.R.P.),VIA ZUMBO GAETANO,25
38,4500,1,,Unità abitativa,EDILIZIA RESIDENZIALE PUBBLICA,ALLOGGIO (E.R.P.),VIA ZUMBO GAETANO,25
38,4501,1,,Unità abitativa,EDILIZIA RESIDENZIALE PUBBLICA,ALLOGGIO (E.R.P.),VIA ZUMBO GAETANO,25
38,4502,1,,Unità abitativa,EDILIZIA RESIDENZIALE PUBBLICA,ALLOGGIO (E.R.P.),VIA ZUMBO GAETANO,25
38,4503,1,,Unità abitativa,EDILIZIA RESIDENZIALE PUBBLICA,ALLOGGIO (E.R.P.),VIA ZUMBO GAETANO,23
38,4504,1,,Unità abitativa,EDILIZIA RESIDENZIALE PUBBLICA,ALLOGGIO (E.R.P.),VIA ZUMBO GAETANO,23
38,4507,1,,Unità abitativa,EDILIZIA RESIDENZIALE PUBBLICA,ALLOGGIO (E.R.P.),VIA CENTORBE,9
38,4508,1,,Unità abitativa,EDILIZIA RESIDENZIALE PUBBLICA,ALLOGGIO (E.R.P.),VIA CENTORBE,9
38,4509,1,,Unità abitativa,EDILIZIA RESIDENZIALE PUBBLICA,ALLOGGIO (E.R.P.),VIA CENTORBE,9
38,4510,1,,Unità abitativa,EDILIZIA RESIDENZIALE PUBBLICA,ALLOGGIO (E.R.P.),VIA CENTORBE,7
38,4512,1,,Unità abitativa,EDILIZIA RESIDENZIALE PUBBLICA,ALLOGGIO (E.R.P.),VIA CENTORBE,7
38,4588,8,1 2 3 4 5 6 7 8,Unità abitativa,EDILIZIA RESIDENZIALE PUBBLICA,ALLOGGIO (E.R.P.),VIA ALIBRANDI GIROLAMO,2
38,4589,1,,Unità abitativa,EDILIZIA RESIDENZIALE PUBBLICA,ALLOGGIO (E.R.P.),VIA ALIBRANDI GIROLAMO,2
38,4590,1,,Unità abitativa,EDILIZIA RESIDENZIALE PUBBLICA,ALLOGGIO (E.R.P.),VIA ALIBRANDI GIROLAMO,2
38,4591,8,1 2 3 4 5 6 7 8,Unità abitativa,EDILIZIA RESIDENZIALE PUBBLICA,ALLOGGIO (E.R.P.),VIA ALIBRANDI GIROLAMO,4
38,4592,1,,Unità abitativa,EDILIZIA RESIDENZIALE PUBBLICA,ALLOGGIO (E.R.P.),VIA ALIBRANDI GIROLAMO,4
38,4593,1,,Unità abitativa,EDILIZIA RESIDENZIALE PUBBLICA,ALLOGGIO (E.R.P.),VIA ALIBRANDI GIROLAMO,4
38,4596,1,,Unità abitativa,EDILIZIA RESIDENZIALE PUBBLICA,ALLOGGIO (E.R.P.),VIA ALIBRANDI GIROLAMO,6
38,4597,1,,Unità abitativa,EDILIZIA RESIDENZIALE PUBBLICA,ALLOGGIO (E.R.P.),VIA ALIBRANDI GIROLAMO,6
38,4598,1,,Unità abitativa,EDILIZIA RESIDENZIALE PUBBLICA,ALLOGGIO (E.R.P.),VIA ALIBRANDI GIROLAMO,8
38,4599,1,,Unità abitativa,EDILIZIA RESIDENZIALE PUBBLICA,ALLOGGIO (E.R.P.),VIA ALIBRANDI GIROLAMO,8
38,4600,1,,Unità abitativa,EDILIZIA RESIDENZIALE PUBBLICA,ALLOGGIO (E.R.P.),VIA ALIBRANDI GIROLAMO,8
38,4601,1,,Unità abitativa,EDILIZIA RESIDENZIALE PUBBLICA,ALLOGGIO (E.R.P.),VIA ALIBRANDI GIROLAMO,8
38,4602,1,,Unità abitativa,EDILIZIA RESIDENZIALE PUBBLICA,ALLOGGIO (E.R.P.),VIA ALIBRANDI GIROLAMO,10
38,4603,1,,Unità abitativa,EDILIZIA RESIDENZIALE PUBBLICA,ALLOGGIO (E.R.P.),VIA ALIBRANDI GIROLAMO,10
38,4604,1,,Unità abitativa,EDILIZIA RESIDENZIALE PUBBLICA,ALLOGGIO (E.R.P.),VIA ALIBRANDI GIROLAMO,10
38,4609,1,,Unità abitativa,EDILIZIA RESIDENZIALE PUBBLICA,ALLOGGIO (E.R.P.),VIA RAGUSA GIAMBATTISTA,3
38,4612,9,9 10 19 13 14 16 2 3 8,Unità abitativa,EDILIZIA RESIDENZIALE PUBBLICA,ALLOGGIO (E.R.P.),VIA RAGUSA GIAMBATTISTA,7
38,4616,1,,Unità abitativa,EDILIZIA RESIDENZIALE PUBBLICA,ALLOGGIO (E.R.P.),VIA RAGUSA GIAMBATTISTA,7
38,4617,1,,Unità abitativa,EDILIZIA RESIDENZIALE PUBBLICA,ALLOGGIO (E.R.P.),VIA RAGUSA GIAMBATTISTA,7
38,4618,1,,Unità abitativa,EDILIZIA RESIDENZIALE PUBBLICA,ALLOGGIO (E.R.P.),VIA RAGUSA GIAMBATTISTA,7
38,4619,14,9 10 11 17 13 14 15 16 1 2 18 4 7 8,Unità abitativa,EDILIZIA RESIDENZIALE PUBBLICA,ALLOGGIO (E.R.P.),VIA CENTORBE,3
38,4620,1,,Unità abitativa,EDILIZIA RESIDENZIALE PUBBLICA,ALLOGGIO (E.R.P.),VIA CENTORBE,1
38,4621,1,,Unità abitativa,EDILIZIA RESIDENZIALE PUBBLICA,ALLOGGIO (E.R.P.),VIA CENTORBE,1
38,4623,1,,Unità abitativa,EDILIZIA RESIDENZIALE PUBBLICA,ALLOGGIO (E.R.P.),VIA CENTORBE,3
38,4624,1,,Unità abitativa,EDILIZIA RESIDENZIALE PUBBLICA,ALLOGGIO (E.R.P.),VIA CENTORBE,3
38,4625,1,,Unità abitativa,EDILIZIA RESIDENZIALE PUBBLICA,ALLOGGIO (E.R.P.),VIA CENTORBE,3
38,4626,22,11 12 14 16 1 2 3 4 5 6 7 8 17 18 19 20 21 22 23 24 9 10,Unità abitativa,EDILIZIA RESIDENZIALE PUBBLICA,ALLOGGIO (E.R.P.),PASSAGGIO ROSSI MARIANO,2
38,4627,1,,Unità abitativa,EDILIZIA RESIDENZIALE PUBBLICA,ALLOGGIO (E.R.P.),PASSAGGIO ROSSI MARIANO,1
38,4628,1,,Unità abitativa,EDILIZIA RESIDENZIALE PUBBLICA,ALLOGGIO (E.R.P.),PASSAGGIO ROSSI MARIANO,1
38,4629,1,,Unità abitativa,EDILIZIA RESIDENZIALE PUBBLICA,ALLOGGIO (E.R.P.),PASSAGGIO ROSSI MARIANO,1
38,4630,1,,Unità abitativa,EDILIZIA RESIDENZIALE PUBBLICA,ALLOGGIO (E.R.P.),PASSAGGIO ROSSI MARIANO,2
38,4631,1,,Unità abitativa,EDILIZIA RESIDENZIALE PUBBLICA,ALLOGGIO (E.R.P.),PASSAGGIO ROSSI MARIANO,2
38,4632,1,,Unità abitativa,EDILIZIA RESIDENZIALE PUBBLICA,ALLOGGIO (E.R.P.),PASSAGGIO ROSSI MARIANO,2
38,4633,1,,Unità abitativa,EDILIZIA RESIDENZIALE PUBBLICA,ALLOGGIO (E.R.P.),PASSAGGIO ROSSI MARIANO,2
38,4634,1,,Unità abitativa,EDILIZIA RESIDENZIALE PUBBLICA,ALLOGGIO (E.R.P.),PASSAGGIO ROSSI MARIANO,3
38,4635,1,,Unità abitativa,EDILIZIA RESIDENZIALE PUBBLICA,ALLOGGIO (E.R.P.),PASSAGGIO ROSSI MARIANO,3
38,4636,1,,Unità abitativa,EDILIZIA RESIDENZIALE PUBBLICA,ALLOGGIO (E.R.P.),PASSAGGIO ROSSI MARIANO,3
38,4663,11,2 4 12 29 37 23,Unità abitativa,EDILIZIA RESIDENZIALE PUBBLICA,ALLOGGIO (E.R.P.),VIA CASALINI,256
38,4666,3,1 2,Unità abitativa,EDILIZIA RESIDENZIALE PUBBLICA,ALLOGGIO (E.R.P.),VIA CASALINI,256
38,4690,48,1 87 16 28 33 39 43 44 45 46 47 48 49 50 51 52 53 54 55 56 57 58 59 60 61 62 63 64 65 66 67 68 69 70 71 72 73 74 75 76 77 78 79 80 81 82 83 84,Unità abitativa,EDILIZIA RESIDENZIALE PUBBLICA,ALLOGGIO (E.R.P.),VIA SCAGLIONE PIETRO,121
38,4691,1,1,Unità abitativa,EDILIZIA RESIDENZIALE PUBBLICA,ALLOGGIO (E.R.P.),VIA SCAGLIONE PIETRO,121
38,4741,1,1,Edificio,SCUOLA,MATERNA/ELEMENTAREVIA IMERA,,32
38,4742,29,4 5 8 11 15 17 20 19 22 24 10 21 9 3 18 6 16 23,Unità abitativa,EDILIZIA RESIDENZIALE PUBBLICA,ALLOGGIO (E.R.P.),VIA CASALINI,256
38,4743,19,1 3 6 26 8 27 11 23 16 5 14 19 13 28,Unità abitativa,EDILIZIA RESIDENZIALE PUBBLICA,ALLOGGIO (E.R.P.),VIA CASALINI,256
38,5585,8,2 16 32 23 24 14 43 42,Unità abitativa,EDILIZIA RESIDENZIALE PUBBLICA,ALLOGGIO (E.R.P.),VIA CENTORBE,12
38,5725,1,17,Unità abitativa,EDILIZIA RESIDENZIALE,ALLOGGIO (E.R.),VIA SCAGLIONE PIETRO,45
38,5726,10,10 11 9 6 12 15 16 13 1 2,Unità abitativa,EDILIZIA RESIDENZIALE,ALLOGGIO (E.R.),VIA SCAGLIONE PIETRO,45
38,5844,21,12 15 16 18 3 30 37 40 46 31 2,Unità abitativa,EDILIZIA RESIDENZIALE PUBBLICA,ALLOGGIO (E.R.P.),VIA CASALINI,256
38,6496,2,,Edificio,IMPIANTO SPORTIVO,PALAZZETTO DELLO SPORT,VIALE LEONARDO DA VINCI,635
38,6515,1,,Edificio,IMPIANTO SPORTIVO,PALAZZETTO DELLO SPORT,VIALE LEONARDO DA VINCI,635
38,6888,8,,Unità abitativa,ABITAZIONE DI SERVIZIO,ALLOGGIO CUSTODE,VIA TINDARI,52
38,7168,1,,Terreno,AREA,AREA ATTREZZATA,PIAZZA CELLINI BENVENUTO,
38,7551,1,,Edificio,SCUOLA,MEDIA,VIA BRUNETTO FILIPPO,
38,8190,1,,Terreno,EDILIZIA RESIDENZIALE PUBBLICA,NON CLASSIFICATO,VIA ALIA,SNC
38,8625,2,,Terreno,AREA,AREA LIBERA,VIALE LEONARDO DA VINCI,
38,90000,1,18,Unità non abitativa,LOCALE,BOX,VIA CASALINI,157-159
39,752,1,,Terreno,PARCHEGGIO,PARCHEGGIO COMUNALE,VIALE LAZIO,
39,944,1,,Edificio,SCUOLA,ELEMENTARE,VIA CRUILLAS,4
39,1630,1,70,Unità abitativa,EDILIZIA RESIDENZIALE,ALLOGGIO (E.R.),VIA ZAPPALA' GIOVANNI,26
39,4468,1,,Terreno,EDILIZIA RESIDENZIALE,NON CLASSIFICATO,VIA PAULING LINUS,SNC
40,196,1,,Edificio,SCUOLA,ASILO NIDO,VIA CASALINI,1
40,215,1,2,Unità non abitativa,EDILIZIA RESIDENZIALE,MAGAZZINO (E.R.),VIA CASALINI,157
41,349,1,,Area,VERDE,AGRICOLO,VIALE REGIONE SICILIANA N.O.,3616
41,554,1,1,Edificio,SCUOLA,ELEMENTARE,VIA BERNINI GIAN LORENZO,39
41,1051,1,3,Unità non abitativa,LOCALE,MAGAZZINO,VIA RICCARDO DA LENTINI,"12,14,"
41,1064,2,,Unità abitativa,ABITAZIONE DI SERVIZIO,ALLOGGIO CUSTODE,VIA TIEPOLO GIOVAN BATTISTA,4
42,181,1,,Edificio,SCUOLA,ELEMENTARE,VIA UDITORE,21
42,1332,8,3 14 109 111 8 35 34 33,Unità abitativa,EDILIZIA RESIDENZIALE,ALLOGGIO (E.R.),VIA CIMABUE GIOVANNI,41
42,1446,1,,Terreno,AREA,AREA LIBERA,PIAZZALE JOHN LENNON,
43,41,2,,Terreno,VERDE,VILLA/GIARDINO,VIA GIUSTI GIUSEPPE,36
43,350,1,,Terreno,VERDE,VERDE PUBBLICO,PIAZZA UNITA' D'ITALIA,
43,361,1,,Terreno,VERDE,VERDE PUBBLICO,PIAZZA UNITA' D'ITALIA,
43,1395,1,,Edificio,ARREDO URBANO,CHIOSCO,PIAZZA ZIINO OTTAVIO,17
44,98,1,,Terreno,AREA,SOTTOVIA,VIA MATTARELLA PIERSANTI,
44,121,1,,Terreno,AREA,SOTTOVIA,VIA MATTARELLA PIERSANTI,
45,37047,2,,Unità abitativa,ABITAZIONE DI SERVIZIO,ALLOGGIO CUSTODE,VIA VOLTURNO,2
47,19,1,,Area,VERDE,AGRICOLO,,
47,908,1,,Terreno,AREA,TERRENO,VIA ALLA FALCONARA,83
47,977,1,,Terreno,PARCHEGGIO,PARCHEGGIO COMUNALE,VIA CASTELLANA,64
47,1043,1,,Unità abitativa,EDILIZIA RESIDENZIALE,ALLOGGIO (E.R.),VIA VILLINI A S.ISIDORO,SNC
47,2130,1,,Terreno,AREA,TERRENO,VIA ALLA FALCONARA,83
47,2447,1,,Unità abitativa,EDILIZIA RESIDENZIALE,ALLOGGIO (E.R.),VIA VILLINI A S.ISIDORO,SNC
47,2564,1,,Unità abitativa,EDILIZIA RESIDENZIALE,ALLOGGIO (E.R.),VIA VILLINI A S.ISIDORO,SNC
47,2688,2,3 4,Unità non abitativa,LOCALE,MAGAZZINO,VIA CASTELLANA,56
47,4222,1,,Area,VERDE,AGRICOLO,,
47,4223,1,,Area,VERDE,AGRICOLO,,
47,5601,1,,Area,VERDE,AGRICOLO,,
47,5603,1,,Area,VERDE,AGRICOLO,,
47,5607,1,,Area,VERDE,AGRICOLO,,
47,5611,1,,Area,VERDE,AGRICOLO,,
47,5612,1,,Area,VERDE,AGRICOLO,,
47,5613,1,,Area,VERDE,AGRICOLO,,
47,5614,1,,Area,VERDE,AGRICOLO,,
47,5665,1,,Area,VERDE,AGRICOLO,,
47,6048,1,,Area,VERDE,AGRICOLO,,
47,6050,1,,Area,VERDE,AGRICOLO,,
47,6052,1,,Area,VERDE,AGRICOLO,,
48,57,1,,Area,SCUOLA,ASILO NIDO,VIA BRAMANTE DONATO,17
48,132,1,,Area,SCUOLA,ASILO NIDO,VIA BRAMANTE DONATO,17
48,222,1,,Area,SCUOLA,ASILO NIDO,VIA BRAMANTE DONATO,17
48,264,1,,Edificio,SCUOLA,ELEMENTARE,VIA DI GIORGI FERDINANDO,48
48,265,1,,Edificio,SCUOLA,ELEMENTARE,VIA DI GIORGI FERDINANDO,48
48,269,1,,Area,SCUOLA,ASILO NIDO,VIA BRAMANTE DONATO,17
48,570,1,,Area,SCUOLA,ASILO NIDO,VIA BRAMANTE DONATO,17
48,760,1,,Area,SCUOLA,ASILO NIDO,VIA BRAMANTE DONATO,17
48,1060,2,12 104,Unità non abitativa,LOCALE,MAGAZZINO,VIA SILVESTRI IGNAZIO,"11,13,1"
48,1933,1,,Edificio,SCUOLA,ASILO NIDO,VIA SILVESTRI IGNAZIO,10
48,1941,1,,Edificio,SCUOLA,ASILO NIDO,VIA SILVESTRI IGNAZIO,10
49,55 Q.,1,,Edificio,SCUOLA,MEDIA,VIA SERRADIFALCO,190
49,90 Q.,1,,Edificio,SCUOLA,MEDIA,VIA SERRADIFALCO,190
49,91 Q.,1,,Edificio,SCUOLA,MEDIA,VIA SERRADIFALCO,190
49,55,2,,Edificio,SCUOLA,MEDIA,VIA SERRADIFALCO,190
49,90,3,,Edificio,SCUOLA,MEDIA,VIA SERRADIFALCO,190
49,91,1,,Edificio,SCUOLA,MEDIA,VIA SERRADIFALCO,190
49,449,1,,Terreno,VERDE,VERDE PUBBLICO,VIA SAURO NAZARIO,
49,460,1,42,Unità abitativa,EDILIZIA RESIDENZIALE PUBBLICA,ALLOGGIO (E.R.P.),VIA MAGG. AMARI GIUSEPPE,14
49,750,1,,Edificio,SCUOLA,MEDIA,VIA DI MARTINO GIROLAMO,1
49,788,2,9,Area,EDILIZIA RESIDENZIALE,ALLOGGIO (E.R.),VIA DI MARTINO GIROLAMO,14
49,1294,2,142 141,Unità non abitativa,LOCALE,MAGAZZINO,VIA PARISIO CATALDO,52
49,1317,3,12 13 14,Unità non abitativa,LOCALE,MAGAZZINO,VIA BONINCONTRO MARIANO,39
49,2073,1,2,Unità non abitativa,LOCALE,MAGAZZINO,VIA ZAMPARRONE BALDASSARE,48
50,373,1,33,Unità non abitativa,EDILIZIA RESIDENZIALE,MAGAZZINO (E.R.),VIA MALASPINA,221
50,647,9,9 11 12 13 57 3 1 2 8,Unità abitativa,EDILIZIA RESIDENZIALE,ALLOGGIO (E.R.),VIA CATANIA,146
50,667,1,15,Unità non abitativa,PARCHEGGIO,POSTO AUTO,VIA MALASPINA,19
50,684,1,10,Unità non abitativa,LOCALE,MAGAZZINO,VIA BEVIGNANI ENRICO,20
50,706,3,30 31 58,Unità non abitativa,LOCALE,BOX,VIA MALASPINA,193
50,715,2,3 2,Unità non abitativa,LOCALE,MAGAZZINO,VIA SIRTORI GIUSEPPE GEN.,47
50,716,8,6 7 8 9 11 13 20 26,Unità abitativa,EDILIZIA RESIDENZIALE,ALLOGGIO (E.R.),VIA CATANIA,73
51,23,1,,Edificio,SCUOLA,MATERNA/ELEMENTAREVIA MERENDA PIETRO,,
51,24,1,,Edificio,SCUOLA,MATERNA/ELEMENTAREVIA MERENDA PIETRO,,
51,125,5,1 2 3 4 5,Unità abitativa,EDILIZIA RESIDENZIALE,ALLOGGIO (E.R.),VIA CARUSO GIOVAN BATTISTA,28
51,234,1,2,Unità abitativa,EDILIZIA RESIDENZIALE,ALLOGGIO (E.R.),PIAZZA ZISA,53
51,938,1,98,Unità non abitativa,LOCALE,BOX,VIA FALCO DI BENEVENTO,15
51,1283,1,,Edificio,SCUOLA,ELEMENTARE,VIA NARBONE ALESSIO,55
51,1284,1,,Edificio,SCUOLA,ELEMENTARE,VIA NARBONE ALESSIO,55
51,1419,7,2 7 3,Unità abitativa,ABITAZIONE DI SERVIZIO,ALLOGGIO CUSTODE,PIAZZA ZISA,17
51,1547,1,11,Unità abitativa,EDILIZIA RESIDENZIALE PUBBLICA,ALLOGGIO (E.R.P.),VIA SCIASCIA ANTONIO,1
51,1548,1,12,Unità abitativa,EDILIZIA RESIDENZIALE PUBBLICA,ALLOGGIO (E.R.P.),VIA SCIASCIA ANTONIO,5
51,1553,1,31,Unità abitativa,EDILIZIA RESIDENZIALE PUBBLICA,ALLOGGIO (E.R.P.),VIA GARUFI CARLO ALBERTO,4
51,1557,1,2,Unità abitativa,EDILIZIA RESIDENZIALE PUBBLICA,ALLOGGIO (E.R.P.),VIA SIRAGUSA GIOVAN BATTISTA,4
51,1558,1,3,Unità abitativa,EDILIZIA RESIDENZIALE PUBBLICA,ALLOGGIO (E.R.P.),VIA ADRIA GIAN GIACOMO,1
51,1565,1,3,Unità abitativa,EDILIZIA RESIDENZIALE PUBBLICA,ALLOGGIO (E.R.P.),VIA FURITANO ANTONIO,2
51,1566,2,6 14,Unità abitativa,EDILIZIA RESIDENZIALE PUBBLICA,ALLOGGIO (E.R.P.),VIA FURITANO ANTONIO,4
51,1567,4,5 9 13 26,Unità abitativa,EDILIZIA RESIDENZIALE PUBBLICA,ALLOGGIO (E.R.P.),VIA FURITANO ANTONIO,9
52,1855,1,,Edificio,SCUOLA,ASILO NIDO,VIA DI BLASI E. GIOVANNI,104
52,1926,1,,Terreno,VERDE,AGRICOLO,,
53,1144,1,,Area,PARCHEGGIO,PARCHEGGIO PUBBLICOVIA PETRALIA SOTTANA,,SNC
53,1856,1,16,Unità abitativa,EDILIZIA RESIDENZIALE,ALLOGGIO (E.R.),VIA PERGUSA,34
53,1939,1,,Area,PARCHEGGIO,PARCHEGGIO PUBBLICOVIA PETRALIA SOTTANA,,SNC
53,2580,2,27 16,Unità abitativa,EDILIZIA RESIDENZIALE PUBBLICA,ALLOGGIO (E.R.P.),VIA ANFUSO ANDREA,30
53,3812,1,,Terreno,PARCHEGGIO,PARCHEGGIO COMUNALE,VIA NINA SICILIANA,
55,378,1,43,Unità abitativa,EDILIZIA RESIDENZIALE,ALLOGGIO (E.R.),VIA LA TORRE PIO,2
55,690,1,42,Unità abitativa,EDILIZIA RESIDENZIALE,ALLOGGIO (E.R.),VIALE TEOCRITO,1
55,1049,1,,Edificio,SCUOLA,ELEMENTARE,VIA EUGENIO L'EMIRO,30
55,1311,5,8 12 10 11 14,Unità abitativa,EDILIZIA RESIDENZIALE PUBBLICA,ALLOGGIO (E.R.P.),VIA CAMARDA DEMETRIO,33
55,1321,1,,Unità non abitativa,PARCHEGGIO,PARCHEGGIO CONDOMINIALE,VIA CAMARDA DEMETRIO,33
55,1322,1,,Unità non abitativa,VERDE,PARCO GIOCHI,VIA CAMARDA DEMETRIO,33
55,1648,1,,Edificio,SCUOLA,MEDIA,VIA SALEMI FRANCESCO GEN.,22
56,524,1,,Terreno,AREA,AREA LIBERA,CORSO ALBERTO AMEDEO,48
56,665,11,8 9 10 11 7 6 5 3 2 1 4,Unità abitativa,EDILIZIA RESIDENZIALE,ALLOGGIO (E.R.),CORSO CALATAFIMI,57
56,1081,2,17 24,Unità abitativa,EDILIZIA RESIDENZIALE PUBBLICA,ALLOGGIO (E.R.P.),VIA POLLACI NUCCIO FEDELE,3
56,1186,3,20 13 19,Unità non abitativa,LOCALE,BOX,VIA DANISINNI,67
57,606,1,1,Edificio,SCUOLA,PRIMARIA,VIA ROSSI ENEA,06/08/2026
57,607,1,,Edificio,SCUOLA,PRIMARIA,VIA ROSSI ENEA,06/08/2026
58,2,1,,Terreno,VERDE,AGRICOLO,VIA ALTARELLO,
58,3,1,,Unità non abitativa,CULTURALE,CENTRO CULTURALE,VIA MICCIULLA,1
58,15,1,,Terreno,VERDE,AGRICOLO,VIA ALTARELLO,
58,705,3,,Unità abitativa,ABITAZIONE DI SERVIZIO,ALLOGGIO CUSTODE,VIA TASCA LANZA,165
58,841,7,47 49 50 48,Edificio,SCUOLA,MEDIA,VIA ARCOLEO GIUSEPPE,58 - 80
58,958,2,,Edificio,SCUOLA,MEDIA,VIA PIAZZA VITO CESARE,8 - 18
58,969,3,15,Edificio,SCUOLA,MEDIA,VIA PIAZZA VITO CESARE,8 - 18
58,1144,2,36 31,Unità abitativa,EDILIZIA RESIDENZIALE,ALLOGGIO (E.R.),CORSO CALATAFIMI,631
58,1335,1,3,Unità abitativa,EDILIZIA RESIDENZIALE PUBBLICA,ALLOGGIO (E.R.P.),CORSO CALATAFIMI,503
58,1630,2,,Edificio,SCUOLA,MEDIA,VIA PIAZZA VITO CESARE,8 - 18
58,1901,2,,Edificio,SCUOLA,MEDIA,V. CROCIFISSO A PIETRATAGLIATA,7/D-7/E
58,1902,2,,Edificio,SCUOLA,MEDIA,V. CROCIFISSO A PIETRATAGLIATA,7/D-7/E
59,61,1,,Terreno,AREA,AREA LIBERA,VIA MAGG. AMARI GIUSEPPE,1
59,424,1,,Terreno,AREA,AREA LIBERA,VIA MAGG. AMARI GIUSEPPE,1
60,834,1,13,Unità abitativa,EDILIZIA RESIDENZIALE,ALLOGGIO (E.R.),VIA CRISAFULLI ELIA,11
60,848,3,,Unità abitativa,ABITAZIONE DI SERVIZIO,ALLOGGIO CUSTODE,VIA DEODATO PIER LUIGI,1
61,255/B,1,,Edificio,SCUOLA,ASILO NIDO,VIA LAZZARO CARMELO,42A
61,257/B,1,,Edificio,SCUOLA,ASILO NIDO,VIA LAZZARO CARMELO,42A
61,1030/,1,,Edificio,SCUOLA,ASILO NIDO,VIA LAZZARO CARMELO,42A
61,1225,2,26,Unità abitativa,EDILIZIA RESIDENZIALE,ALLOGGIO (E.R.),VIA LUCCHINI FRANCO,10
62,866,2,3 5,Unità non abitativa,LOCALE,MAGAZZINO,VIA MANFREDI LUIGI,2/D-2/E
62,1147,1,1,Unità non abitativa,LOCALE,MAGAZZINO,VIA FILICIUZZA,52 / 56
63,182,3,2 3 1,Unità non abitativa,LOCALE,NON CLASSIFICATO,VIA SERRAGLIO VECCHIO,28
63,219,6,,Unità abitativa,ABITAZIONE DI SERVIZIO,ALLOGGIO CUSTODE,VIA BOCCONE SILVIO,13
63,281,1,,Edificio,INFRASTRUTTURA INTERESSE GENERALE,CLINICA VETERINARIA,PIAZZA TIRO A SEGNO,4
63,286,1,,Edificio,INFRASTRUTTURA INTERESSE GENERALE,CLINICA VETERINARIA,PIAZZA TIRO A SEGNO,4
63,304,2,,Unità abitativa,ABITAZIONE DI SERVIZIO,ALLOGGIO CUSTODE,VIA INGRASSIA GIAN FILIPPO,33
63,319,26,40 59 60 62 43 44 45 46 47 49 51 54 56 82 83 86 66 65 69 76 75 77 80 79 25 35,Unità abitativa,EDILIZIA RESIDENZIALE PUBBLICA,ALLOGGIO (E.R.P.),VIA CIPOLLA MICHELE,169
63,342,1,,Edificio,INFRASTRUTTURA INTERESSE GENERALE,CLINICA VETERINARIA,PIAZZA TIRO A SEGNO,4
63,516,1,,Edificio,INFRASTRUTTURA INTERESSE GENERALE,CLINICA VETERINARIA,PIAZZA TIRO A SEGNO,4
63,744,1,66,Unità non abitativa,EDILIZIA RESIDENZIALE PUBBLICA,MAGAZZINO (E.R.P.),VIA FEDELE FORTUNATO,31
63,817,10,16 17 14 6 15 10 5 2 4 3,Unità abitativa,EDILIZIA RESIDENZIALE PUBBLICA,ALLOGGIO (E.R.P.),CORSO DEI MILLE,205
64,20,1,,Terreno,AREA,AREA LIBERA,VIA MESSINA MARINE,
64,93,2,,Edificio,UFFICIO,UFFICIO COMUNALE,VIA TIRO A SEGNO,64
64,151,1,9,Unità abitativa,EDILIZIA RESIDENZIALE,ALLOGGIO (E.R.),VIA DECOLLATI,15
64,324,1,,Edificio,SCUOLA,ELEMENTARE,VIA STATELLA VINCENZO,3
64,337,2,9 14,Unità abitativa,EDILIZIA RESIDENZIALE PUBBLICA,ALLOGGIO (E.R.P.),VIA MARIO ALBERTO,34
64,1294,1,47,Unità abitativa,EDILIZIA RESIDENZIALE,ALLOGGIO (E.R.),VIA PONTE DI MARE,91
64,1584,198,176 175 211 218 219 158 159 150 149 70 137 136 208 210 69 68 156 157 78 79 95 96 116 162 161 164 163 166 167 168 165 170 169 171 172 173 174 204 205 181 180 178 179 206 209 184 186 185 187 189 188 190 192 191 193 195 194 196 198 197 199 201 200 202 207 203 113 115 216 214 215 152 153 154 155 147 144 145 146 139 140 141 142 120 121 122 124 125 126 127 128 129 130 135 132 133 103 100 101 102 106 104 105 114 107 108 109 110 111 112 83 84 85 86 87 88 89 90 91 92 93 94 72 73 74 75 76 77 213 217 123 134 131 148 28 29 30 31 32 33 34 35 36 37 38 39 40 41 42 43 44 45 46 47 48 49 50 51 52 53 55 56 57 58 59 60 61 62 63 64 12 183 182 54 5 3 4 6 7 8 9 10 11 13 14 15 16 17 18 19 20 21 22 23 24 25 26 27,Unità non abitativa,AREA,LASTRICO SOLARE,VIA BENNICI GIUSEPPE,19
64,1589,1,7,Unità abitativa,EDILIZIA RESIDENZIALE,ALLOGGIO (E.R.),VIA BUCCHERI LA FERLA ANNA,16
64,1590,8,13 11 6 5 8 1 7 3,Unità abitativa,EDILIZIA RESIDENZIALE PUBBLICA,ALLOGGIO (E.R.P.),VIA MILORO SANTA,12
64,2076,1,,Area,VERDE,AGRICOLO,,
65,672,1,,Terreno,PARCHEGGIO,PARCHEGGIO PUBBLICOVIA PARUTA FILIPPO,,
66,689,1,8,Unità non abitativa,LOCALE,LOCALE DI DEPOSITO,VIA MARINUZZI GINO,58
66,695,2,,Terreno,AREA,AREA LIBERA,VIA AUTERI SALVATORE,
66,1284,1,12,Unità non abitativa,CENTRO COMMERCIALE,,VIA MANCINELLI LUIGI,4/24
67,1467,1,1,Unità non abitativa,EDILIZIA RESIDENZIALE,MAGAZZINO (E.R.),STR.VIC. BADAME,56
68,181,1,,Terreno,SOCIALE,CENTRO SOCIALE,VIA BALISTRERI ROSA,5
69,109,1,,Area,IMPIANTO TECNICO,IMPIANTO DI SOLLEVAMENTO,VIA ORETO,
69,111,1,,Area,IMPIANTO TECNICO,IMPIANTO DI SOLLEVAMENTO,VIA ORETO,
69,512,1,,Area,IMPIANTO TECNICO,IMPIANTO DI SOLLEVAMENTO,VIA ORETO,
69,711,2,,Terreno,AREA,PARZIALMENTE EDIFICATA,VICOLO CILIO,1
69,732,1,,Area,IMPIANTO TECNICO,IMPIANTO DI SOLLEVAMENTO,VIA ORETO,
69,762,1,,Area,IMPIANTO TECNICO,IMPIANTO DI SOLLEVAMENTO,VIA ORETO,
69,792,1,,Area,IMPIANTO TECNICO,IMPIANTO DI SOLLEVAMENTO,VIA ORETO,
69,90000,3,25,Unità abitativa,EDILIZIA RESIDENZIALE,ALLOGGIO (E.R.),VICOLO CILIO,0
70,018/A,1,,Terreno,VERDE,VERDE PUBBLICO,VIA BASILE ERNESTO,
70,5,1,,Terreno,VERDE,VERDE PUBBLICO,VIA BASILE ERNESTO,
70,8,1,,Terreno,VERDE,VERDE PUBBLICO,VIA BASILE ERNESTO,
70,13,1,,Terreno,VERDE,VERDE PUBBLICO,VIA BASILE ERNESTO,
70,16,1,,Terreno,VERDE,VERDE PUBBLICO,VIA BASILE ERNESTO,
70,17,1,,Terreno,VERDE,VERDE PUBBLICO,VIA BASILE ERNESTO,
70,18,1,,Terreno,VERDE,VERDE PUBBLICO,VIA BASILE ERNESTO,
70,31,1,,Terreno,VERDE,VERDE PUBBLICO,VIA BASILE ERNESTO,
70,34,1,,Terreno,VERDE,VERDE PUBBLICO,VIA BASILE ERNESTO,
70,35,1,,Terreno,VERDE,VERDE PUBBLICO,VIA BASILE ERNESTO,
70,38,1,,Terreno,VERDE,VERDE PUBBLICO,VIA BASILE ERNESTO,
70,42,1,,Terreno,VERDE,VERDE PUBBLICO,VIA BASILE ERNESTO,
70,43,1,,Terreno,VERDE,VERDE PUBBLICO,VIA BASILE ERNESTO,
70,44,1,,Terreno,VERDE,VERDE PUBBLICO,VIA BASILE ERNESTO,
70,45,1,,Terreno,VERDE,VERDE PUBBLICO,VIA BASILE ERNESTO,
70,46,1,,Terreno,VERDE,VERDE PUBBLICO,VIA BASILE ERNESTO,
70,47,2,,Terreno,VERDE,VERDE PUBBLICO,VIA BASILE ERNESTO,
70,48,1,,Terreno,VERDE,VERDE PUBBLICO,VIA BASILE ERNESTO,
70,49,1,,Terreno,VERDE,VERDE PUBBLICO,VIA BASILE ERNESTO,
70,56,1,,Terreno,VERDE,VERDE PUBBLICO,VIA BASILE ERNESTO,
70,58,1,,Terreno,VERDE,VERDE PUBBLICO,VIA BASILE ERNESTO,
70,136,2,2,Terreno,VERDE,VERDE PUBBLICO,VIA BASILE ERNESTO,
70,154,1,,Terreno,VERDE,VERDE PUBBLICO,VIA BASILE ERNESTO,
70,156,1,,Terreno,VERDE,VERDE PUBBLICO,VIA BASILE ERNESTO,
70,162,1,,Terreno,VERDE,VERDE PUBBLICO,VIA BASILE ERNESTO,
70,168,1,,Terreno,VERDE,VERDE PUBBLICO,VIA BASILE ERNESTO,
70,172,1,,Terreno,VERDE,VERDE PUBBLICO,VIA BASILE ERNESTO,
70,173,1,,Terreno,VERDE,VERDE PUBBLICO,VIA BASILE ERNESTO,
70,177,1,,Terreno,VERDE,VERDE PUBBLICO,VIA BASILE ERNESTO,
70,178,1,,Terreno,VERDE,VERDE PUBBLICO,VIA BASILE ERNESTO,
70,179,1,,Terreno,VERDE,VERDE PUBBLICO,VIA BASILE ERNESTO,
70,183,1,,Terreno,VERDE,VERDE PUBBLICO,VIA BASILE ERNESTO,
70,207,1,,Terreno,VERDE,VERDE PUBBLICO,VIA BASILE ERNESTO,
70,208,1,,Terreno,VERDE,VERDE PUBBLICO,VIA BASILE ERNESTO,
70,209,1,,Terreno,VERDE,VERDE PUBBLICO,VIA BASILE ERNESTO,
70,267,1,,Terreno,VERDE,VERDE PUBBLICO,VIA BASILE ERNESTO,
70,268,1,,Terreno,VERDE,VERDE PUBBLICO,VIA BASILE ERNESTO,
70,269,1,,Terreno,VERDE,VERDE PUBBLICO,VIA BASILE ERNESTO,
70,271,1,,Terreno,VERDE,VERDE PUBBLICO,VIA BASILE ERNESTO,
70,283,1,,Terreno,VERDE,VERDE PUBBLICO,VIA BASILE ERNESTO,
70,289,1,,Terreno,VERDE,VERDE PUBBLICO,VIA BASILE ERNESTO,
70,290,1,,Terreno,VERDE,VERDE PUBBLICO,VIA BASILE ERNESTO,
70,297,1,,Terreno,VERDE,VERDE PUBBLICO,VIA BASILE ERNESTO,
70,299,1,,Terreno,VERDE,VERDE PUBBLICO,VIA BASILE ERNESTO,
70,323,1,,Terreno,VERDE,VERDE PUBBLICO,VIA BASILE ERNESTO,
70,326,2,,Terreno,VERDE,VERDE PUBBLICO,VIA BASILE ERNESTO,
70,327,1,,Terreno,VERDE,VERDE PUBBLICO,VIA BASILE ERNESTO,
70,333,1,,Terreno,VERDE,VERDE PUBBLICO,VIA BASILE ERNESTO,
70,334,1,,Terreno,VERDE,VERDE PUBBLICO,VIA BASILE ERNESTO,
70,335,1,,Terreno,VERDE,VERDE PUBBLICO,VIA BASILE ERNESTO,
70,336,1,,Terreno,VERDE,VERDE PUBBLICO,VIA BASILE ERNESTO,
70,378,1,,Terreno,VERDE,VERDE PUBBLICO,VIA BASILE ERNESTO,
70,379,1,,Terreno,VERDE,VERDE PUBBLICO,VIA BASILE ERNESTO,
70,391,2,,Terreno,VERDE,VERDE PUBBLICO,VIA BASILE ERNESTO,
70,1076,1,,Terreno,VERDE,VERDE PUBBLICO,VIA BASILE ERNESTO,
70,1097,2,,Terreno,VERDE,VERDE PUBBLICO,VIA BASILE ERNESTO,
70,1105,1,,Terreno,VERDE,VERDE PUBBLICO,VIA BASILE ERNESTO,
70,1113,1,,Terreno,VERDE,VERDE PUBBLICO,VIA BASILE ERNESTO,
70,1123,1,,Terreno,VERDE,VERDE PUBBLICO,VIA BASILE ERNESTO,
70,1128,1,,Terreno,VERDE,VERDE PUBBLICO,VIA BASILE ERNESTO,
70,1130,1,,Terreno,VERDE,VERDE PUBBLICO,VIA BASILE ERNESTO,
70,1137,1,,Terreno,VERDE,VERDE PUBBLICO,VIA BASILE ERNESTO,
70,1140,1,,Terreno,VERDE,VERDE PUBBLICO,VIA BASILE ERNESTO,
70,1192,1,,Terreno,VERDE,VERDE PUBBLICO,VIA BASILE ERNESTO,
70,3120,1,,Terreno,VERDE,VERDE PUBBLICO,VIA BASILE ERNESTO,
71,900,5,3 9 10 13 18,Unità abitativa,EDILIZIA RESIDENZIALE PUBBLICA,ALLOGGIO (E.R.P.),VIA CUTELLO SALVATORE,1
71,907,8,5 7 8 11 14 15 16 18,Unità abitativa,EDILIZIA RESIDENZIALE PUBBLICA,ALLOGGIO (E.R.P.),VIA CUTELLO SALVATORE,5
71,910,1,,Unità abitativa,EDILIZIA RESIDENZIALE PUBBLICA,ALLOGGIO (E.R.P.),VIA CUTELLO SALVATORE,7
71,911,1,,Unità abitativa,EDILIZIA RESIDENZIALE PUBBLICA,ALLOGGIO (E.R.P.),VIA CUTELLO SALVATORE,7
71,912,1,,Unità abitativa,EDILIZIA RESIDENZIALE PUBBLICA,ALLOGGIO (E.R.P.),VIA CUTELLO SALVATORE,9
71,914,1,,Unità abitativa,EDILIZIA RESIDENZIALE PUBBLICA,ALLOGGIO (E.R.P.),VIA CUTELLO SALVATORE,9
71,915,1,,Unità abitativa,EDILIZIA RESIDENZIALE PUBBLICA,ALLOGGIO (E.R.P.),VIA CUTELLO SALVATORE,7
71,916,1,,Unità abitativa,EDILIZIA RESIDENZIALE PUBBLICA,ALLOGGIO (E.R.P.),VIA CUTELLO SALVATORE,7
71,918,3,10 14 4,Unità abitativa,EDILIZIA RESIDENZIALE PUBBLICA,ALLOGGIO (E.R.P.),VIA CUTELLO SALVATORE,13
71,921,1,,Unità abitativa,EDILIZIA RESIDENZIALE PUBBLICA,ALLOGGIO (E.R.P.),VIA CUTELLO SALVATORE,13
71,923,1,,Unità abitativa,EDILIZIA RESIDENZIALE PUBBLICA,ALLOGGIO (E.R.P.),VIA CUTELLO SALVATORE,13
71,928,1,,Unità abitativa,EDILIZIA RESIDENZIALE PUBBLICA,ALLOGGIO (E.R.P.),VIA CUTELLO SALVATORE,4
71,929,1,,Unità abitativa,EDILIZIA RESIDENZIALE PUBBLICA,ALLOGGIO (E.R.P.),VIA CUTELLO SALVATORE,4
71,937,1,,Unità abitativa,EDILIZIA RESIDENZIALE PUBBLICA,ALLOGGIO (E.R.P.),VIA CUTELLO SALVATORE,4
71,938,1,,Unità abitativa,EDILIZIA RESIDENZIALE PUBBLICA,ALLOGGIO (E.R.P.),VIA CUTELLO SALVATORE,4
71,940,4,3 4 12 16,Unità abitativa,EDILIZIA RESIDENZIALE PUBBLICA,ALLOGGIO (E.R.P.),VIA ROCCELLA GUSTAVO,58
71,948,3,2 10 8,Unità abitativa,EDILIZIA RESIDENZIALE PUBBLICA,ALLOGGIO (E.R.P.),VIA CALABRO' GIOVANNI,1
71,949,1,,Unità abitativa,EDILIZIA RESIDENZIALE PUBBLICA,ALLOGGIO (E.R.P.),VIA CALABRO' GIOVANNI,1
71,952,1,,Unità abitativa,EDILIZIA RESIDENZIALE PUBBLICA,ALLOGGIO (E.R.P.),VIA CUTELLO SALVATORE,10
71,956,2,2 11,Unità abitativa,EDILIZIA RESIDENZIALE PUBBLICA,ALLOGGIO (E.R.P.),VIA BERGAMINI CARLO AMM.,21
71,957,1,,Unità abitativa,EDILIZIA RESIDENZIALE PUBBLICA,ALLOGGIO (E.R.P.),VIA BERGAMINI CARLO AMM.,21
71,959,1,11,Unità abitativa,EDILIZIA RESIDENZIALE PUBBLICA,ALLOGGIO (E.R.P.),VIA BERGAMINI CARLO AMM.,19
71,965,7,2 5 6 7 11 13 16,Unità abitativa,EDILIZIA RESIDENZIALE PUBBLICA,ALLOGGIO (E.R.P.),VIA CALLEA ANTONIO,4
71,967,1,,Unità abitativa,EDILIZIA RESIDENZIALE PUBBLICA,ALLOGGIO (E.R.P.),VIA CALLEA ANTONIO,4
71,974,1,,Unità abitativa,EDILIZIA RESIDENZIALE PUBBLICA,ALLOGGIO (E.R.P.),VIA CALLEA ANTONIO,4
71,979,16,1 2 3 4 5 6 9 10 11 12 16 17 18 20 21 22,Unità abitativa,EDILIZIA RESIDENZIALE PUBBLICA,ALLOGGIO (E.R.P.),VIA S.RAFFAELE ARCANGELO,53
71,980,1,,Unità abitativa,EDILIZIA RESIDENZIALE PUBBLICA,ALLOGGIO (E.R.P.),VIA S.RAFFAELE ARCANGELO,53
71,981,1,,Unità abitativa,EDILIZIA RESIDENZIALE PUBBLICA,ALLOGGIO (E.R.P.),VIA S.RAFFAELE ARCANGELO,53
71,982,1,,Unità abitativa,EDILIZIA RESIDENZIALE PUBBLICA,ALLOGGIO (E.R.P.),VIA S.RAFFAELE ARCANGELO,53
71,983,1,,Unità abitativa,EDILIZIA RESIDENZIALE PUBBLICA,ALLOGGIO (E.R.P.),VIA S.RAFFAELE ARCANGELO,51
71,984,1,,Unità abitativa,EDILIZIA RESIDENZIALE PUBBLICA,ALLOGGIO (E.R.P.),VIA S.RAFFAELE ARCANGELO,51
71,985,1,,Unità abitativa,EDILIZIA RESIDENZIALE PUBBLICA,ALLOGGIO (E.R.P.),VIA S.RAFFAELE ARCANGELO,51
71,986,1,,Unità abitativa,EDILIZIA RESIDENZIALE PUBBLICA,ALLOGGIO (E.R.P.),VIA S.RAFFAELE ARCANGELO,51
71,987,1,,Unità abitativa,EDILIZIA RESIDENZIALE PUBBLICA,ALLOGGIO (E.R.P.),VIA S.RAFFAELE ARCANGELO,49
71,988,1,,Unità abitativa,EDILIZIA RESIDENZIALE PUBBLICA,ALLOGGIO (E.R.P.),VIA S.RAFFAELE ARCANGELO,49
71,989,1,,Unità abitativa,EDILIZIA RESIDENZIALE PUBBLICA,ALLOGGIO (E.R.P.),VIA S.RAFFAELE ARCANGELO,49
71,990,15,2 3 4 9 10 11 12 14 15 19 20 21 22 23 24,Unità abitativa,EDILIZIA RESIDENZIALE PUBBLICA,ALLOGGIO (E.R.P.),VIA CALLEA ANTONIO,11
71,992,1,,Unità abitativa,EDILIZIA RESIDENZIALE PUBBLICA,ALLOGGIO (E.R.P.),VIA CALLEA ANTONIO,11
71,993,1,,Unità abitativa,EDILIZIA RESIDENZIALE PUBBLICA,ALLOGGIO (E.R.P.),VIA CALLEA ANTONIO,11
71,994,1,,Unità abitativa,EDILIZIA RESIDENZIALE PUBBLICA,ALLOGGIO (E.R.P.),VIA CALLEA ANTONIO,9
71,995,1,,Unità abitativa,EDILIZIA RESIDENZIALE PUBBLICA,ALLOGGIO (E.R.P.),VIA CALLEA ANTONIO,9
71,996,1,,Unità abitativa,EDILIZIA RESIDENZIALE PUBBLICA,ALLOGGIO (E.R.P.),VIA CALLEA ANTONIO,9
71,997,1,,Unità abitativa,EDILIZIA RESIDENZIALE PUBBLICA,ALLOGGIO (E.R.P.),VIA CALLEA ANTONIO,9
71,1001,10,2 3 4 5 8 9 11 14 15 16,Unità abitativa,EDILIZIA RESIDENZIALE PUBBLICA,ALLOGGIO (E.R.P.),VIA CALLEA ANTONIO,8
71,1003,1,,Unità abitativa,EDILIZIA RESIDENZIALE PUBBLICA,ALLOGGIO (E.R.P.),VIA CALLEA ANTONIO,8
71,1004,1,,Unità abitativa,EDILIZIA RESIDENZIALE PUBBLICA,ALLOGGIO (E.R.P.),VIA CALLEA ANTONIO,8
71,1005,1,,Unità abitativa,EDILIZIA RESIDENZIALE PUBBLICA,ALLOGGIO (E.R.P.),VIA CALLEA ANTONIO,10
71,1006,1,,Unità abitativa,EDILIZIA RESIDENZIALE PUBBLICA,ALLOGGIO (E.R.P.),VIA CALLEA ANTONIO,10
71,1008,8,2 3 4 5 8 10 12 15,Unità abitativa,EDILIZIA RESIDENZIALE PUBBLICA,ALLOGGIO (E.R.P.),VIA CALLEA ANTONIO,12
71,1010,1,,Unità abitativa,EDILIZIA RESIDENZIALE PUBBLICA,ALLOGGIO (E.R.P.),VIA CALLEA ANTONIO,12
71,1011,1,,Unità abitativa,EDILIZIA RESIDENZIALE PUBBLICA,ALLOGGIO (E.R.P.),VIA CALLEA ANTONIO,12
71,1014,1,,Unità abitativa,EDILIZIA RESIDENZIALE PUBBLICA,ALLOGGIO (E.R.P.),VIA CALLEA ANTONIO,14
71,1015,5,7 8 19 23 24,Unità abitativa,EDILIZIA RESIDENZIALE PUBBLICA,ALLOGGIO (E.R.P.),VIA S.RAFFAELE ARCANGELO,45
71,1019,1,,Unità abitativa,EDILIZIA RESIDENZIALE PUBBLICA,ALLOGGIO (E.R.P.),VIA S.RAFFAELE ARCANGELO,45
71,1020,1,,Unità abitativa,EDILIZIA RESIDENZIALE PUBBLICA,ALLOGGIO (E.R.P.),VIA S.RAFFAELE ARCANGELO,45
71,1021,1,,Unità abitativa,EDILIZIA RESIDENZIALE PUBBLICA,ALLOGGIO (E.R.P.),VIA S.RAFFAELE ARCANGELO,45
71,1022,1,,Unità abitativa,EDILIZIA RESIDENZIALE PUBBLICA,ALLOGGIO (E.R.P.),VIA S.RAFFAELE ARCANGELO,45
71,1027,1,,Unità abitativa,EDILIZIA RESIDENZIALE PUBBLICA,ALLOGGIO (E.R.P.),VIA S.RAFFAELE ARCANGELO,41
71,1028,1,,Unità abitativa,EDILIZIA RESIDENZIALE PUBBLICA,ALLOGGIO (E.R.P.),VIA S.RAFFAELE ARCANGELO,41
71,1030,18,1 2 5 6 8 9 10 12 13 14 17 20 21 24 28 29 30 31,Unità abitativa,EDILIZIA RESIDENZIALE PUBBLICA,ALLOGGIO (E.R.P.),VIA BERGAMINI CARLO AMM.,30
71,1031,1,,Unità abitativa,EDILIZIA RESIDENZIALE PUBBLICA,ALLOGGIO (E.R.P.),VIA BERGAMINI CARLO AMM.,36
71,1036,1,,Unità abitativa,EDILIZIA RESIDENZIALE PUBBLICA,ALLOGGIO (E.R.P.),VIA BERGAMINI CARLO AMM.,34
71,1037,1,,Unità abitativa,EDILIZIA RESIDENZIALE PUBBLICA,ALLOGGIO (E.R.P.),VIA BERGAMINI CARLO AMM.,34
71,1038,1,,Unità abitativa,EDILIZIA RESIDENZIALE PUBBLICA,ALLOGGIO (E.R.P.),VIA BERGAMINI CARLO AMM.,32
71,1039,1,,Unità abitativa,EDILIZIA RESIDENZIALE PUBBLICA,ALLOGGIO (E.R.P.),VIA BERGAMINI CARLO AMM.,32
71,1040,1,,Unità abitativa,EDILIZIA RESIDENZIALE PUBBLICA,ALLOGGIO (E.R.P.),VIA BERGAMINI CARLO AMM.,32
71,1041,1,,Unità abitativa,EDILIZIA RESIDENZIALE PUBBLICA,ALLOGGIO (E.R.P.),VIA BERGAMINI CARLO AMM.,32
71,1042,1,,Unità abitativa,EDILIZIA RESIDENZIALE PUBBLICA,ALLOGGIO (E.R.P.),VIA BERGAMINI CARLO AMM.,30
71,1043,1,,Unità abitativa,EDILIZIA RESIDENZIALE PUBBLICA,ALLOGGIO (E.R.P.),VIA BERGAMINI CARLO AMM.,30
71,1044,1,,Unità abitativa,EDILIZIA RESIDENZIALE PUBBLICA,ALLOGGIO (E.R.P.),VIA BERGAMINI CARLO AMM.,30
71,1045,9,5 8 9 10 15 18 20 24 2,Unità abitativa,EDILIZIA RESIDENZIALE PUBBLICA,ALLOGGIO (E.R.P.),VIA BERGAMINI CARLO AMM.,24
71,1046,1,,Unità abitativa,EDILIZIA RESIDENZIALE PUBBLICA,ALLOGGIO (E.R.P.),VIA BERGAMINI CARLO AMM.,28
71,1049,1,,Unità abitativa,EDILIZIA RESIDENZIALE PUBBLICA,ALLOGGIO (E.R.P.),VIA BERGAMINI CARLO AMM.,26
71,1050,1,,Unità abitativa,EDILIZIA RESIDENZIALE PUBBLICA,ALLOGGIO (E.R.P.),VIA BERGAMINI CARLO AMM.,26
71,1051,1,,Unità abitativa,EDILIZIA RESIDENZIALE PUBBLICA,ALLOGGIO (E.R.P.),VIA BERGAMINI CARLO AMM.,26
71,1052,1,,Unità abitativa,EDILIZIA RESIDENZIALE PUBBLICA,ALLOGGIO (E.R.P.),VIA BERGAMINI CARLO AMM.,26
71,1053,1,,Unità abitativa,EDILIZIA RESIDENZIALE PUBBLICA,ALLOGGIO (E.R.P.),VIA BERGAMINI CARLO AMM.,24
71,1054,1,,Unità abitativa,EDILIZIA RESIDENZIALE PUBBLICA,ALLOGGIO (E.R.P.),VIA BERGAMINI CARLO AMM.,24
71,1057,1,,Unità abitativa,EDILIZIA RESIDENZIALE PUBBLICA,ALLOGGIO (E.R.P.),VIA BERGAMINI CARLO AMM.,22
71,1058,1,,Unità abitativa,EDILIZIA RESIDENZIALE PUBBLICA,ALLOGGIO (E.R.P.),VIA BERGAMINI CARLO AMM.,22
71,1059,1,,Unità abitativa,EDILIZIA RESIDENZIALE PUBBLICA,ALLOGGIO (E.R.P.),VIA BERGAMINI CARLO AMM.,22
71,1064,1,,Unità abitativa,EDILIZIA RESIDENZIALE PUBBLICA,ALLOGGIO (E.R.P.),VIA BERGAMINI CARLO AMM.,18
71,1065,1,,Unità abitativa,EDILIZIA RESIDENZIALE PUBBLICA,ALLOGGIO (E.R.P.),VIA BERGAMINI CARLO AMM.,18
71,1068,1,,Unità abitativa,EDILIZIA RESIDENZIALE PUBBLICA,ALLOGGIO (E.R.P.),VIA BERGAMINI CARLO AMM.,16
71,1069,1,,Unità abitativa,EDILIZIA RESIDENZIALE PUBBLICA,ALLOGGIO (E.R.P.),VIA BERGAMINI CARLO AMM.,16
71,1074,1,,Unità abitativa,EDILIZIA RESIDENZIALE PUBBLICA,ALLOGGIO (E.R.P.),VIA BERGAMINI CARLO AMM.,14
71,1075,1,,Unità abitativa,EDILIZIA RESIDENZIALE PUBBLICA,ALLOGGIO (E.R.P.),VIA BERGAMINI CARLO AMM.,14
71,1076,1,,Unità abitativa,EDILIZIA RESIDENZIALE PUBBLICA,ALLOGGIO (E.R.P.),VIA BERGAMINI CARLO AMM.,12
71,1077,1,,Unità abitativa,EDILIZIA RESIDENZIALE PUBBLICA,ALLOGGIO (E.R.P.),VIA BERGAMINI CARLO AMM.,12
71,1109,2,17 20,Unità abitativa,EDILIZIA RESIDENZIALE PUBBLICA,ALLOGGIO (E.R.P.),VIA ROCCELLA GUSTAVO,68
71,1112,2,7 12,Unità abitativa,EDILIZIA RESIDENZIALE PUBBLICA,ALLOGGIO (E.R.P.),VIA CUTELLO SALVATORE,17
71,1113,3,3 5 10,Unità abitativa,EDILIZIA RESIDENZIALE PUBBLICA,ALLOGGIO (E.R.P.),VIA CUTELLO SALVATORE,19
71,1114,5,23 9 12 1 3,Unità abitativa,EDILIZIA RESIDENZIALE PUBBLICA,ALLOGGIO (E.R.P.),VIA BERGAMINI CARLO AMM.,27
71,1115,2,7 6,Unità abitativa,EDILIZIA RESIDENZIALE PUBBLICA,ALLOGGIO (E.R.P.),VIA S.RAFFAELE ARCANGELO,57
71,1117,10,11 13 17 19 1 4 5 7 8 10,Unità abitativa,EDILIZIA RESIDENZIALE PUBBLICA,ALLOGGIO (E.R.P.),VIA CALLEA ANTONIO,5
71,1178,1,,Unità abitativa,EDILIZIA RESIDENZIALE PUBBLICA,ALLOGGIO (E.R.P.),VIA CUTELLO SALVATORE,14
71,1179,1,,Unità abitativa,EDILIZIA RESIDENZIALE PUBBLICA,ALLOGGIO (E.R.P.),VIA CUTELLO SALVATORE,14
71,1186,1,,Unità abitativa,EDILIZIA RESIDENZIALE PUBBLICA,ALLOGGIO (E.R.P.),VIA CUTELLO SALVATORE,17
71,1644,1,,Area,AREA,AREA LIBERA,VIA PONTE CORLEONE TOLENTINO2,
71,1648,1,,Area,AREA,AREA LIBERA,VIA PONTE CORLEONE TOLENTINO2,
72,EX 11,5,,Unità non abitativa,LOCALE,MAGAZZINO,VIA NISSA,1
72,112,1,,Edificio,IMPIANTO SPORTIVO,PALESTRA,VIA NISSA,1
72,115,8,,Unità abitativa,ABITAZIONE DI SERVIZIO,ALLOGGIO CUSTODE,VIA S.FILIPPO,11
72,277,1,11,Unità non abitativa,LOCALE,AUTORIMESSA,VIA DELL'ORSA MAGGIORE,110
72,1588,2,5 9,Unità abitativa,EDILIZIA RESIDENZIALE PUBBLICA,ALLOGGIO (E.R.P.),VIA VILLAGRAZIA,199/C
72,1731,1,,Edificio,SCUOLA,ELEMENTARE,VIA ORTIGIA,19
73,678,2,34 6,Unità abitativa,EDILIZIA RESIDENZIALE,ALLOGGIO (E.R.),VIA VILLAGRAZIA,59/L
74,529,1,18,Unità abitativa,EDILIZIA RESIDENZIALE,ALLOGGIO (E.R.),VIA CAMPISI GIOVANNI,24/A
74,860,36,63 69 117 87 55 57 58 46 50 47 30 44 45 48 8 62 124 149 153 154 182 167 184 148 186 189 175,Unità non abitativa,CULTURALE,CENTRO CULTURALE,VIA LA COLLA FRANCESCO,56
75,141,1,,Area,IMPIANTO SPORTIVO,PALESTRA,VIA S.MARIA DI GESU',15
75,145,1,,Unità abitativa,EDILIZIA RESIDENZIALE,ALLOGGIO (E.R.),VIA DELL'ORSA MINORE,3
75,151,1,,Unità abitativa,EDILIZIA RESIDENZIALE,ALLOGGIO (E.R.),VIA DELL'ORSA MINORE,3
75,152,1,,Unità abitativa,EDILIZIA RESIDENZIALE,ALLOGGIO (E.R.),VIA DELL'ORSA MINORE,3
75,182,1,,Unità abitativa,EDILIZIA RESIDENZIALE,ALLOGGIO (E.R.),VIA DELL'ORSA MINORE,3
75,187,1,,Unità abitativa,EDILIZIA RESIDENZIALE,ALLOGGIO (E.R.),VIA DELL'ORSA MINORE,3
75,188,1,,Unità abitativa,EDILIZIA RESIDENZIALE,ALLOGGIO (E.R.),VIA DELL'ORSA MINORE,3
75,189,1,,Unità abitativa,EDILIZIA RESIDENZIALE,ALLOGGIO (E.R.),VIA DELL'ORSA MINORE,3
75,231,1,,Area,IMPIANTO SPORTIVO,PALESTRA,VIA S.MARIA DI GESU',15
75,275,1,,Unità abitativa,EDILIZIA RESIDENZIALE,ALLOGGIO (E.R.),VIA DELL'ORSA MINORE,3
75,569,3,78 77 93,Unità non abitativa,LOCALE,MAGAZZINO,VIA BELMONTE CHIAVELLI,2-4
75,621,1,,Area,IMPIANTO SPORTIVO,PALESTRA,VIA S.MARIA DI GESU',15
75,622,1,,Area,IMPIANTO SPORTIVO,PALESTRA,VIA S.MARIA DI GESU',15
75,625,1,,Area,IMPIANTO SPORTIVO,PALESTRA,VIA S.MARIA DI GESU',15
75,629,1,,Area,IMPIANTO SPORTIVO,PALESTRA,VIA S.MARIA DI GESU',15
75,631,1,,Area,IMPIANTO SPORTIVO,PALESTRA,VIA S.MARIA DI GESU',15
75,633,1,,Area,IMPIANTO SPORTIVO,PALESTRA,VIA S.MARIA DI GESU',15
75,635,1,,Area,IMPIANTO SPORTIVO,PALESTRA,VIA S.MARIA DI GESU',15
75,679,1,,Area,IMPIANTO SPORTIVO,PALESTRA,VIA S.MARIA DI GESU',15
76,586,4,9 7 18 12,Unità non abitativa,AREA,LASTRICO SOLARE,VIA MAIONE DA BARI,15
77,EX 52,1,,Edificio,SCUOLA,MEDIA,VIA PECORI GIRALDI GUGLIELMO M,
77,69,1,,Edificio,UFFICIO,UFFICIO COMUNALE,VIA MESSINA MARINE,52
77,326,1,14,Unità abitativa,EDILIZIA RESIDENZIALE,ALLOGGIO (E.R.),VIA PIANELL GIUSEPPE,17
77,480,1,11,Unità non abitativa,EDILIZIA RESIDENZIALE,NON CLASSIFICATO,VIA MESSINA MARINE,315
77,1092,2,1 4,Unità non abitativa,LOCALE,MAGAZZINO,VIA BAZZANO DOMENICO,19/21
77,1226,3,11 10 9,Unità non abitativa,LOCALE,MAGAZZINO,VIA MESSINA MARINE,429
77,1398,1,1,Unità non abitativa,LOCALE,MAGAZZINO,VIA MESSINA MARINE,429
77,1455,1,,Area,VERDE,AGRICOLO,,
77,2842,1,14,Unità non abitativa,LOCALE,MAGAZZINO,VIA BAZZANO DOMENICO,17
77,2887,1,8,Unità abitativa,EDILIZIA RESIDENZIALE,ALLOGGIO (E.R.),VIA DI PASQUALE GAETANO,13
77,2912,1,,Area,VERDE,AGRICOLO,,
77,3011,4,16 17 14 13,Unità abitativa,EDILIZIA RESIDENZIALE,ALLOGGIO (E.R.),VIA PORTELLA DELLA GINESTRA,25
77,3046,1,,Area,VERDE,AGRICOLO,,
77,3058,5,9,Unità non abitativa,LOCALE TECNICO,AUTOCLAVE,VIA HASSAN EMIRO,20
77,3213,2,22 23,Unità abitativa,EDILIZIA RESIDENZIALE,ALLOGGIO (E.R.),VIA FUNAIOLI GINO,3/D
77,3458,2,1 2,Unità non abitativa,EDILIZIA RESIDENZIALE,MAGAZZINO (E.R.),VIA FUNAIOLI GINO,3/D
77,3484,7,58 59 74 70 64 63 65,Unità abitativa,EDILIZIA RESIDENZIALE PUBBLICA,ALLOGGIO (E.R.P.),VIA MELI FILIPPO MONS.,5
77,3525,5,6 11 28 35 36,Unità abitativa,EDILIZIA RESIDENZIALE PUBBLICA,ALLOGGIO (E.R.P.),P.LE COSENZ ENRICO,1
77,3599,3,22,Area,EDILIZIA RESIDENZIALE,ALLOGGIO (E.R.),VIA CIALDINI ENRICO,1
77,3600,2,38 37,Unità abitativa,EDILIZIA RESIDENZIALE,ALLOGGIO (E.R.),VIA PIANELL GIUSEPPE,37
77,3615,4,16 18 8 21,Unità abitativa,EDILIZIA RESIDENZIALE PUBBLICA,ALLOGGIO (E.R.P.),CORSO DEI MILLE,532
77,3620,2,3 15,Unità non abitativa,EDILIZIA RESIDENZIALE,MAGAZZINO (E.R.),VIA CIRINCIONE GIUSEPPE,58/B
77,5444,6,23 7 11 12 15 04/05/2026,Unità non abitativa,AREA,LASTRICO SOLARE,P.LE S.ANNA FRATELLI,9
77,5843,1,,Area,VERDE,AGRICOLO,,
77,5845,1,,Area,VERDE,AGRICOLO,,
77,5901,1,,Area,VERDE,AGRICOLO,,
77,5905,2,,Area,VERDE,AGRICOLO,,
77,5995,1,,Area,VERDE,AGRICOLO,,
77,5997,1,,Area,VERDE,AGRICOLO,,
80,616,1,14,Unità non abitativa,LOCALE,BOX,P.LE BELL'ALBA,4
81,1564,1,,Area,AREA,PARZIALMENTE EDIFICATA,VIA AGNETTA,91
81,1572,1,,Area,AREA,PARZIALMENTE EDIFICATA,VIA AGNETTA,91
81,1640,1,,Area,AREA,PARZIALMENTE EDIFICATA,VIA AGNETTA,91
81,1641,1,,Area,AREA,PARZIALMENTE EDIFICATA,VIA AGNETTA,91
82,358,1,5,Unità abitativa,EDILIZIA RESIDENZIALE,ALLOGGIO (E.R.),VIA AGNETTA,133
82,359,3,6 5 1,Unità abitativa,EDILIZIA RESIDENZIALE,ALLOGGIO (E.R.),VIA AGNETTA,133
82,360,3,1,Unità abitativa,EDILIZIA RESIDENZIALE,ALLOGGIO (E.R.),VIA BARONE DELLA SCALA,23
82,391,1,11,Unità abitativa,EDILIZIA RESIDENZIALE,ALLOGGIO (E.R.),VIA BARONE DELLA SCALA,23
82,903,1,37,Unità non abitativa,LOCALE,MAGAZZINO,VIA BARONE DELLA SCALA,23
83,43,1,,Edificio,SCUOLA,ASILO NIDO,VIA ALOI,1
83,264,2,,Terreno,PARCHEGGIO,PARCHEGGIO PUBBLICOVIA DELL'ANTILOPE,,
83,348,1,,Edificio,SCUOLA,ASILO NIDO,VIA ALOI,1
83,550,1,,Edificio,SCUOLA,ASILO NIDO,VIA ALOI,1
83,743,1,,Unità abitativa,EDILIZIA RESIDENZIALE PUBBLICA,ALLOGGIO (E.R.P.),VIALE REGIONE SICILIANA,2512
83,744,1,,Unità abitativa,EDILIZIA RESIDENZIALE PUBBLICA,ALLOGGIO (E.R.P.),VIALE REGIONE SICILIANA,2512
83,748,1,,Unità abitativa,EDILIZIA RESIDENZIALE PUBBLICA,ALLOGGIO (E.R.P.),VIALE REGIONE SICILIANA,2512
83,749,1,,Unità abitativa,EDILIZIA RESIDENZIALE PUBBLICA,ALLOGGIO (E.R.P.),VIALE REGIONE SICILIANA,2512
83,760,3,1 2 4,Unità abitativa,EDILIZIA RESIDENZIALE PUBBLICA,ALLOGGIO (E.R.P.),LARGO DEI FALCHI,1
83,761,1,,Unità abitativa,EDILIZIA RESIDENZIALE PUBBLICA,ALLOGGIO (E.R.P.),LARGO DEI FALCHI,1
83,762,1,,Unità abitativa,EDILIZIA RESIDENZIALE PUBBLICA,ALLOGGIO (E.R.P.),LARGO DEI FALCHI,1
83,763,1,,Unità abitativa,EDILIZIA RESIDENZIALE PUBBLICA,ALLOGGIO (E.R.P.),LARGO DEI FALCHI,1
83,1865,1,,Edificio,SCUOLA,ASILO NIDO,VIA ALOI,1
83,2099,6,2 12 3 5 8 10,Unità abitativa,EDILIZIA RESIDENZIALE PUBBLICA,ALLOGGIO (E.R.P.),VIA MANIACI GIUSEPPE,23
83,2117,9,1 2 3 4 7 9 10 11 12,Unità abitativa,EDILIZIA RESIDENZIALE PUBBLICA,ALLOGGIO (E.R.P.),LARGO DEI PINGUINI,4
84,-1791,1,,Terreno,VERDE,VERDE PUBBLICO,VIA DELL'ERMELLINO,39
84,1511E,1,,Terreno,VERDE,VERDE PUBBLICO,VIA DELL'ERMELLINO,39
84,463,1,,Terreno,VERDE,VERDE PUBBLICO,VIA DELL'ERMELLINO,39
84,506,1,,Terreno,VERDE,VERDE PUBBLICO,VIA DELL'ERMELLINO,39
84,628,1,,Edificio,SCUOLA,MATERNA/ELEMENTARE/MEDIA,VIA BONAGIA,14
84,633,1,,Edificio,SCUOLA,MATERNA/ELEMENTARE/MEDIA,VIA BONAGIA,14
84,650,1,,Edificio,SCUOLA,MATERNA/ELEMENTARE/MEDIA,VIA BONAGIA,14
84,674,1,,Terreno,VERDE,VERDE PUBBLICO,VIA DELL'ERMELLINO,39
84,859,1,,Edificio,SCUOLA,MATERNA/ELEMENTARE/MEDIA,VIA BONAGIA,14
84,2157,1,,Area,AREA,PARZIALMENTE EDIFICATA,VIA FALSOMIELE,77
84,2230,1,,Terreno,AREA,PARZIALMENTE EDIFICATA,VIA FALSOMIELE,77
84,2236,1,,Terreno,AREA,PARZIALMENTE EDIFICATA,VIA FALSOMIELE,77
85,415,1,,Terreno,AREA,TERRENO,VIA S.MARIA DI GESU',258
85,601,1,,Terreno,AREA,TERRENO,VIA S.MARIA DI GESU',258
85,994,1,,Terreno,AREA,TERRENO,VIA S.MARIA DI GESU',258
85,995,1,,Terreno,AREA,TERRENO,VIA S.MARIA DI GESU',258
85,996,1,,Terreno,AREA,TERRENO,VIA S.MARIA DI GESU',258
85,997,1,,Terreno,AREA,TERRENO,VIA S.MARIA DI GESU',258
85,998,1,,Terreno,AREA,TERRENO,VIA S.MARIA DI GESU',258
85,999,1,,Terreno,AREA,TERRENO,VIA S.MARIA DI GESU',258
85,1640,1,,Terreno,EDILIZIA RESIDENZIALE,NON CLASSIFICATO,VIA FALSOMIELE,15
85,1641,1,,Terreno,EDILIZIA RESIDENZIALE,NON CLASSIFICATO,VIA FALSOMIELE,15
85,2033,1,,Terreno,AREA,TERRENO,VIA BELMONTE CHIAVELLI,164 - 270
86,381,1,,Edificio,SCUOLA,ELEMENTARE,VIA PARATORE GIUSEPPE,34
86,383,1,,Edificio,SCUOLA,ELEMENTARE,VIA PARATORE GIUSEPPE,34
86,765,2,5 9,Unità abitativa,EDILIZIA RESIDENZIALE PUBBLICA,ALLOGGIO (E.R.P.),VIA TANTILLO ANTONIO,5
86,786,3,2 100 24,Unità abitativa,EDILIZIA RESIDENZIALE,ALLOGGIO (E.R.),VIALE REGIONE SICILIANA S.E.,4890
86,960,1,,Area,IMPIANTO TECNICO,POZZO,VIA S.MARIA DI GESU',
86,962,1,,Area,IMPIANTO TECNICO,POZZO,VIA S.MARIA DI GESU',
86,964,1,,Area,IMPIANTO TECNICO,POZZO,VIA S.MARIA DI GESU',
87,240,1,1,Edificio,SCUOLA,ELEMENTARE,VIA S.MARIA DI GESU',89
88,197,1,47,Unità abitativa,EDILIZIA RESIDENZIALE,ALLOGGIO (E.R.),VIA HAZON AZOLINO,1
88,1119,1,35,Unità abitativa,EDILIZIA RESIDENZIALE,ALLOGGIO (E.R.),FONDO MORTILLARO,6
88,2169,2,17 1,Unità abitativa,EDILIZIA RESIDENZIALE,ALLOGGIO (E.R.),VIA GIAFAR EMIRO,38
88,2280,3,16 8 12,Unità abitativa,EDILIZIA RESIDENZIALE,ALLOGGIO (E.R.),PIAZZA BANDI GIUSEPPE,1
88,2452,4,45 72 41 52,Unità abitativa,EDILIZIA RESIDENZIALE PUBBLICA,ALLOGGIO (E.R.P.),VIA BIONDO ANDREA,3
88,2454,11,55 2 57 58 1 30,Unità abitativa,EDILIZIA RESIDENZIALE PUBBLICA,ALLOGGIO (E.R.P.),VIA HAZON AZOLINO,4
88,2464,1,,Unità non abitativa,LOCALE,MAGAZZINO,VIA GIAFAR EMIRO,36-36
88,3103,1,,Edificio,SCUOLA,MATERNA,VIA S.ALBERTO DEGLI ABATI,12
89,81,1,,Terreno,AREA,AREA LIBERA,VIA MESSINA MARINE,
89,82,1,,Terreno,AREA,AREA LIBERA,VIA MESSINA MARINE,
89,164,1,,Edificio,SCUOLA,MATERNA,VIA SACCO E VANZETTI,42
89,307,1,,Area,VERDE,AGRICOLO,,
89,854,1,,Edificio,IMPIANTO SPORTIVO,PALESTRA,VIALE XXVII MAGGIO,28
89,857,1,,Edificio,IMPIANTO SPORTIVO,PALESTRA,VIALE XXVII MAGGIO,28
89,860,1,,Edificio,IMPIANTO SPORTIVO,PALESTRA,VIALE XXVII MAGGIO,28
89,871,1,,Edificio,IMPIANTO SPORTIVO,PALESTRA,VIALE XXVII MAGGIO,28
89,883,1,,Edificio,IMPIANTO SPORTIVO,PALESTRA,VIALE XXVII MAGGIO,28
89,941,1,,Edificio,IMPIANTO SPORTIVO,PALESTRA,VIALE XXVII MAGGIO,28
89,1021,1,,Edificio,SCUOLA,MATERNA,VIA SACCO E VANZETTI,42
89,1046,1,,Area,VERDE,AGRICOLO,,
89,1095,1,,Area,VERDE,AGRICOLO,,
89,1097,1,,Area,VERDE,AGRICOLO,,
89,1336,1,,Edificio,SOCIALE,CENTRO SOCIALE,LARGO DI VITTORIO GIUSEPPE,9
89,1659,1,,Edificio,SCUOLA,ELEMENTARE,LARGO DI VITTORIO GIUSEPPE,1
89,1747,3,14 6 7,Unità non abitativa,LOCALE,MAGAZZINO,PIAZZA GRANDI ACHILLE,5
89,1748,18,26 78 51 16 58 53 55 57 79 56 71 81 11 70 76 86 4 3,Unità abitativa,EDILIZIA RESIDENZIALE PUBBLICA,ALLOGGIO (E.R.P.),PIAZZA GRANDI ACHILLE,5
89,1812,8,44 56 31 61 64 67 49 65,Unità abitativa,EDILIZIA RESIDENZIALE PUBBLICA,ALLOGGIO (E.R.P.),VIA CAMPO MARIANO,17
89,1817,4,2 13 18 17,Unità abitativa,EDILIZIA RESIDENZIALE PUBBLICA,ALLOGGIO (E.R.P.),VIA CAMPO MARIANO,22
89,1819,10,11 16 18 12 15 3 7 17 13 5,Unità abitativa,EDILIZIA RESIDENZIALE PUBBLICA,ALLOGGIO (E.R.P.),VIA CAMPO MARIANO,24
89,1821,6,18 17 10 12 8 6,Unità abitativa,EDILIZIA RESIDENZIALE PUBBLICA,ALLOGGIO (E.R.P.),VIA CAMPO MARIANO,26
89,1937,1,,Edificio,SCUOLA,INFANZIA/PRIMARIA,VIA SACCO E VANZETTI,13
89,2310,1,,Edificio,SCUOLA,INFANZIA/PRIMARIA,VIA SACCO E VANZETTI,13
89,2321,1,,Edificio,SCUOLA,INFANZIA/PRIMARIA,VIA SACCO E VANZETTI,13
89,2423,1,,Edificio,SCUOLA,INFANZIA/PRIMARIA,VIA SACCO E VANZETTI,13
89,2860,1,,Edificio,SCUOLA,ASILO NIDO,VIALE XXVII MAGGIO,62
90,513,1,,Unità abitativa,EDILIZIA RESIDENZIALE,ALLOGGIO (E.R.),VIALE REGIONE SICILIANA S.E.,6371
90,3535,1,,Terreno,VERDE,AGRICOLO,CORSO DEI MILLE,
90,3538,1,,Terreno,VERDE,AGRICOLO,CORSO DEI MILLE,
90,3549,1,,Terreno,VERDE,AGRICOLO,CORSO DEI MILLE,
91,349,2,,Area,VERDE,AGRICOLO,,
91,1230,2,5 18,Unità abitativa,EDILIZIA RESIDENZIALE PUBBLICA,ALLOGGIO (E.R.P.),VIA PECORAINO FILIPPO,162
92,266/A,1,,Edificio,SCUOLA,MEDIA,VIALE DI VITTORIO GIUSEPPE,11
92,3092,4,3 1 6 5,Unità abitativa,EDILIZIA RESIDENZIALE PUBBLICA,ALLOGGIO (E.R.P.),VIA BERTETT LUIGI GEN.,116
94,1855,1,,Unità non abitativa,COMMERCIALE,OPIFICIO,VIA MESSINA MONTAGNE,8
95,616,1,,Unità abitativa,EDILIZIA RESIDENZIALE,ALLOGGIO (E.R.),VIA MESSINA MARINE,600
98,33,1,,Edificio,IMPIANTO TECNICO,POZZO,,
98,35,1,,Edificio,IMPIANTO TECNICO,POZZO,,
98,135,1,,Unità non abitativa,LOCALE,MAGAZZINO,VIA ZUPPETTA,
98,220,1,,Edificio,IMPIANTO TECNICO,POZZO,,
98,254,1,,Terreno,VERDE,FONDO,VIA FALSOMIELE,
98,267,1,,Terreno,VERDE,FONDO,VIA FALSOMIELE,
98,382,1,,Terreno,AREA,TERRENO,VIA V.53,SNC
98,553,1,,Terreno,AREA,TERRENO,VIA V.53,SNC
98,554,1,,Terreno,AREA,TERRENO,VIA V.53,SNC
98,555,1,,Terreno,AREA,TERRENO,VIA V.53,SNC
98,564,1,,Terreno,AREA,TERRENO CON EDIFICIOVIA V.53,,7
98,1890,1,,Terreno,AREA,TERRENO CON EDIFICIOVIA V.53,,7
100,688,1,,Edificio,IMPIANTO TECNICO,POZZO,VIA FALSOMIELE,85
100,1323,1,,Area,IMPIANTO TECNICO,POZZO,,
100,1326,1,,Area,IMPIANTO TECNICO,POZZO,,
100,1424,1,,Area,IMPIANTO TECNICO,POZZO,,
100,1425,1,,Area,IMPIANTO TECNICO,POZZO,,
100,1426,1,,Area,IMPIANTO TECNICO,POZZO,,
100,1439,1,,Area,IMPIANTO TECNICO,POZZO,,
100,1440,1,,Terreno,AREA,PARZIALMENTE EDIFICATA,VIA CASUZZE,4
100,1441,1,,Terreno,AREA,PARZIALMENTE EDIFICATA,VIA CASUZZE,4
100,1442,1,,Terreno,AREA,PARZIALMENTE EDIFICATA,VIA CASUZZE,4
100,1457,1,,Area,IMPIANTO TECNICO,POZZO,,
100,1466,1,,Terreno,AREA,PARZIALMENTE EDIFICATA,VIA CASUZZE,4
100,1467,1,,Terreno,AREA,PARZIALMENTE EDIFICATA,VIA CASUZZE,4
100,1469,1,,Terreno,AREA,PARZIALMENTE EDIFICATA,VIA CASUZZE,4
100,1506,1,,Area,IMPIANTO TECNICO,POZZO,,
100,1508,1,,Area,IMPIANTO TECNICO,POZZO,,
101,64,1,,Terreno,AREA,TERRENO CON EDIFICIOVIA V.F.35,,SNC
101,407,1,,Terreno,AREA,TERRENO CON EDIFICIOVIA V.F.35,,31 - 33
101,488,1,,Terreno,AREA,TERRENO CON EDIFICIOVIA V.F.35,,31 - 33
101,492,1,,Terreno,AREA,TERRENO CON EDIFICIOVIA V.F.35,,SNC
103,233,1,,Area,IMPIANTO TECNICO,POZZO,VIA CIACULLI,
103,254,1,,Area,IMPIANTO TECNICO,POZZO,VIA CIACULLI,
103,443,1,,Terreno,VERDE,VILLA/GIARDINO,VIA MELENDEZ FRANCESCO,46-48-5
103,1041,1,,Terreno,VERDE,VILLA/GIARDINO,VIA MELENDEZ FRANCESCO,46-48-5
103,1042,1,,Terreno,VERDE,VILLA/GIARDINO,VIA MELENDEZ FRANCESCO,46-48-5
103,1907,1,,Area,AREA,PARZIALMENTE EDIFICATA,VIA TENAGLIA GIULIO,47
103,2222,1,1,Unità abitativa,EDILIZIA RESIDENZIALE,ALLOGGIO (E.R.),VIA TENAGLIA GIULIO,47
106,280,1,,Area,AREA,PARZIALMENTE EDIFICATA,VIA CIACULLI,429
106,1223,1,,Terreno,AREA,TERRENO CON EDIFICIOVIA CIACULLI,,246
106,1244,1,,Terreno,AREA,PARZIALMENTE EDIFICATA,VIA TOMASELLI ONOFRIO,
106,1318,1,,Terreno,AREA,PARZIALMENTE EDIFICATA,VIA TOMASELLI ONOFRIO,
107,0 892,1,41,Unità abitativa,EDILIZIA RESIDENZIALE PUBBLICA,ALLOGGIO (E.R.P.),VIA CIACULLI,128/D
107,517,1,,Terreno,VERDE,AGRICOLO,VIA VALDAURA,1
107,872,25,7 9 10 11 13 14 16 17 18 19 20 23 24 25 27 28 31 32 33 40 41 2 3 4 6,Unità abitativa,EDILIZIA RESIDENZIALE PUBBLICA,ALLOGGIO (E.R.P.),VIA DI STEFANO GUIDO,1
107,873,2,8 9,Unità abitativa,EDILIZIA RESIDENZIALE PUBBLICA,ALLOGGIO (E.R.P.),VIA DI STEFANO GUIDO,1
107,905,8,9 31 13 14 1 2 3 7,Unità abitativa,EDILIZIA RESIDENZIALE PUBBLICA,ALLOGGIO (E.R.P.),VIA RACCUGLIA ANTONIO,23
107,906,7,18 13 3 6 5 11 4,Unità abitativa,EDILIZIA RESIDENZIALE PUBBLICA,ALLOGGIO (E.R.P.),VIA RACCUGLIA ANTONIO,23
107,1063,1,,Edificio,IMPIANTO TECNICO,POZZO,VIA CASSARO,
107,1155,1,,Terreno,EDILIZIA RESIDENZIALE,NON CLASSIFICATO,VIA CONTE FEDERICO,273
109,31,1,,Terreno,AREA,TERRENO CON EDIFICIOCORSO DEI MILLE,,SNC
109,457,1,,Terreno,AREA,TERRENO CON EDIFICIOCORSO DEI MILLE,,SNC
111,265,1,,Area,IMPIANTO TECNICO,POZZO,,
111,316,1,,Area,IMPIANTO TECNICO,POZZO,,
111,743,1,,Area,IMPIANTO TECNICO,POZZO,,
112,256/2,1,,Area,IMPIANTO TECNICO,SERBATOIO,VIA GIBILROSSA,
112,475,1,,Area,IMPIANTO TECNICO,SERBATOIO,VIA GIBILROSSA,
112,898,1,,Terreno,AREA,PARZIALMENTE EDIFICATA,VIA ZERILLI FRANCESCO,
120,458,1,,Terreno,IMPIANTO SPORTIVO,CAMPO CALCIO,PIAZZA LINARES VINCENZO,
120,479,1,42,Unità abitativa,EDILIZIA RESIDENZIALE,ALLOGGIO (E.R.),VIA BONOMO GABRIELE,4
122,281,1,4,Unità non abitativa,LOCALE,MAGAZZINO,VIA SETTIMO RUGGERO,34
122,283,2,3 6,Unità non abitativa,LOCALE,MAGAZZINO,VIA SETTIMO RUGGERO,34
125,577,1,9,Unità abitativa,EDILIZIA RESIDENZIALE PUBBLICA,ALLOGGIO (E.R.P.),VIA PACINI GIOVANNI,82
125,706,1,21,Unità abitativa,EDILIZIA RESIDENZIALE PUBBLICA,ALLOGGIO (E.R.P.),VIA DI PAVIA VINCENZO,4
127,528,3,4 3,Unità abitativa,EDILIZIA RESIDENZIALE,ALLOGGIO (E.R.),VIA PRINCIPE DI S.GIUSEPPE,19
128,772,1,12,Unità abitativa,EDILIZIA RESIDENZIALE PUBBLICA,ALLOGGIO (E.R.P.),VIA BANDIERA,34
129,0000E,1,,Unità non abitativa,CULTO,CHIESA,VIA S.ALESSANDRO,1
129,355,1,,Edificio,EDILIZIA RESIDENZIALE PUBBLICA,ALLOGGIO (E.R.P.),VIA CIANCIOLO FRATELLI,12
129,1263,1,,Edificio,ARREDO URBANO,CHIOSCO,VIA CALA,84/A
131,315,3,4 5 1,Unità abitativa,EDILIZIA RESIDENZIALE PUBBLICA,ALLOGGIO (E.R.P.),CORTILE CONCA,6
131,321,6,1 2 6 7 8 9,Unità abitativa,EDILIZIA RESIDENZIALE PUBBLICA,ALLOGGIO (E.R.P.),CORTILE SCALILLA,12
131,325,3,2 3 1,Unità abitativa,EDILIZIA RESIDENZIALE PUBBLICA,ALLOGGIO (E.R.P.),CORTILE CONCA,6
131,417,1,4,Edificio,UFFICIO,UFFICIO COMUNALE,VIA DELLO SPIRITO SANTO,35/37
131,1089,1,,Edificio,SCUOLA,ELEMENTARE,PIAZZA GRAN CANCELLIERE,1
132,2,1,1,Unità non abitativa,LOCALE,MAGAZZINO,VIA PAPIRETO,02/04/2026
132,91,3,2 1,Unità non abitativa,LOCALE,MAGAZZINO,VIA FILIPPONE,16
135,614,11,4 14 16 17 19 20 5 22 7 9 10,Unità abitativa,EDILIZIA RESIDENZIALE PUBBLICA,ALLOGGIO (E.R.P.),VIA DELLO SPASIMO,17
135,616,12,1 2 5 8 9 10 3 4 13 14 15 18,Unità abitativa,EDILIZIA RESIDENZIALE PUBBLICA,ALLOGGIO (E.R.P.),PIAZZA VENTIMIGLIA CARLO MARIA7,
136,13,1,,Terreno,VERDE,VERDE PUBBLICO,VIA VITTORIO EMANUELE,
136,171,1,,Edificio,SCUOLA,MEDIA,VIA DEL PROTONOTARO,4
136,360,1,3,Unità abitativa,EDILIZIA RESIDENZIALE,ALLOGGIO (E.R.),VICOLO SPAGNA (1),21
137,0000M,1,,Area,CULTURALE,MONUMENTO,PIAZZA CASA PROFESSA,1
137,220,1,,Area,CULTURALE,MONUMENTO,PIAZZA S.CHIARA,3
137,521,6,1-2- 1 2 3 4 5,Area,CULTURALE,MONUMENTO,PIAZZA CASA PROFESSA,1
137,522,2,,Area,CULTURALE,MONUMENTO,PIAZZA CASA PROFESSA,1
137,523,2,,Area,CULTURALE,MONUMENTO,PIAZZA CASA PROFESSA,1
137,965,1,1,Unità non abitativa,LOCALE,MAGAZZINO,VIA DELLE PERGOLE,74
138,358,2,,Unità abitativa,ABITAZIONE DI SERVIZIO,ALLOGGIO CUSTODE,PIAZZA MAGIONE,1
138,517,1,1,Unità non abitativa,LOCALE,MAGAZZINO,VIA ROMA,2
138,531,1,5,Unità non abitativa,LOCALE,MAGAZZINO,PIAZZA GIULIO CESARE,5
138,533,2,,Edificio,CULTURALE,NON CLASSIFICATO,VIA ALLORO,54 - 58
138,610,1,2,Unità abitativa,EDILIZIA RESIDENZIALE,ALLOGGIO (E.R.),VIA LINCOLN,131
138,612,1,2,Unità abitativa,EDILIZIA RESIDENZIALE PUBBLICA,ALLOGGIO (E.R.P.),VIA LINCOLN,121
138,623,1,7,Unità abitativa,EDILIZIA RESIDENZIALE PUBBLICA,ALLOGGIO (E.R.P.),VIA LINCOLN,121
138,703,1,,Terreno,AREA,TERRENO,PIAZZA MAGIONE,SNC
138,711,1,,Terreno,AREA,TERRENO,PIAZZA MAGIONE,SNC
139,54,1,,Edificio,IMPIANTO TECNICO,TORRE D'ACQUA,PIAZZA DELLA PINTA,10
139,85,1,,Edificio,LOCALE TECNICO,CABINA ELETTRICA,PIAZZA PORTA MONTALTO,1
139,307,1,,Edificio,SCUOLA,MATERNA/ELEMENTAREVIA MONGITORE ANTONINO,,4
139,309,1,,Edificio,SCUOLA,MATERNA/ELEMENTAREVIA MONGITORE ANTONINO,,4
139,671,4,50 10,Unità abitativa,EDILIZIA RESIDENZIALE PUBBLICA,ALLOGGIO (E.R.P.),VIA DI CRISTINA GIOVANNI,10
139,1003,7,12 4 5 13 7 22 27,Unità abitativa,EDILIZIA RESIDENZIALE PUBBLICA,ALLOGGIO (E.R.P.),VIA LA GUMINA FRATELLI,8
144,545,1,,Terreno,AREA,AREA PARZIALMENTE EDIFICATA,VIA SANTICELLI,84
144,753,2,,Area,AREA,TERRENO CON EDIFICIOVIA AQUINO MOLARA,,SNC
144,1236,1,,Area,AREA,TERRENO,VIA MAIO BIONDO,8
144,2892,1,1,Unità abitativa,EDILIZIA RESIDENZIALE,ALLOGGIO (E.R.),VIA VILLA MAIO,10
145,1623,1,,Area,AREA,PARZIALMENTE EDIFICATA,STRADELLA CARTIERA GRANDE,12
145,1636,1,,Area,AREA,PARZIALMENTE EDIFICATA,STRADELLA CARTIERA GRANDE,12
415,2,1,,Edificio,UFFICIO,UFFICIO COMUNALE,VIA DELLO SPIRITO SANTO,35/37
