Id,titolo,descrizione,img,categoria,tag,territorio,URL,link-search,fontedati,collaborazione,data,mese,anno
1,PA Digitale 2026 PNRR,Candidature dei Comuni confermate e finanziate nel PNRR con i fondi dedicati alla digitalizzazione della Pubblica Amministrazione - PA digitale 2026,legend/clip_index/pa_digitale_26.jpg,Pubblica Amministrazione,"PNRR,Comuni,Avviso",Italia,pa_digitale_2026.html,https://palermohub.opendatasicilia.it/pa_digitale_2026.html,"Team Digitale - Pa Digitale 2026,GitHub",@gbvitrano,06-09-2025,2025-September,2025
2,Studio Demografico e Socio-Economico del Centro Storico di Palermo,Un'innovativa piattaforma di analisi geospaziale che trasforma i dati catastali e demografici in insights strategici per la comprensione del tessuto urbano palermitano.,legend/clip_index/socio_econ.jpg,"Demografia,Economia,Urbanistica","Catasto,Popolazione,Analisi Spaziale",Palermo,https://palermohub.github.io/cspa/,https://palermohub.github.io/cspa/,Zornade,@gbvitrano,05-08-2025,2025-August,2025
3,Variante Generale e Particelle catastali e stampa pdf,"Variante Generale e Particelle catastali, mappa realizzata con QGIS, pmtiles e librerie Maplibre e un pizzico di AI",legend/clip_index/catasto.jpg,"Urbanistica,Cartografia,Tecnologia","Catasto,MapLibre,QGIS",Palermo,prg_part_catastali.html,https://palermohub.opendatasicilia.it/prg_part_catastali.html,"Comune di Palermo,Regione Sicilia",@gbvitrano,05-01-2025,2025-January,2025
4,Variante Generale e Particelle catastali,"Variante Generale e Particelle catastali, mappa realizzata con QGIS, pmtiles e librerie Maplibre",legend/clip_index/prg_catasto.jpg,"Urbanistica,Cartografia,Tecnologia","Catasto,MapLibre,QGIS",Palermo,prg_catasto.html,https://palermohub.opendatasicilia.it/prg_catasto.html,"Comune di Palermo,Regione Sicilia",@gbvitrano,02-01-2025,2025-January,2025
5,Palermo - Strumenti Urbanistici - Modello 3D - MapLibre,Modello 3D - MapLibre,legend/clip_index/pmtiles_pa.jpg,"Urbanistica,Tecnologia,Modellazione 3D","MapLibre,Overture Maps,Modellazione 3D",Palermo,pmtiles_pa.html,https://palermohub.opendatasicilia.it/pmtiles_pa.html,"Overture Maps Foundation,Comune di Palermo",@gbvitrano,30-12-2024,2024-December,2024
6,Palermo Catasto incendi 2023,Aggiornamento del catasto dei soprassuoli percorsi dal fuoco. Incendi Anno 2023,legend/clip_index/incendi_palermo_2023.jpg,"Ambiente,Sicurezza,Territorio","Catasto Incendi,Incendi,Palermo",Palermo,catasto_incendi_pa_2023.html,https://palermohub.opendatasicilia.it/catasto_incendi_pa_2023.html,"Comune di Palermo,SIF",@gbvitrano,12-08-2024,2024-August,2024
7,Amap Palermo - Mappa Distretti razionamento idrico dal 7 Ottobre 2024,Amap adotterà a partire dal prossimo 7 ottobre un piano sperimentale di razionamento della risorsa idrica che riguarderà diversi distretti della città di Palermo.,legend/clip_index/palermo_amap.jpg,"Ambiente,Emergenze,Gestione delle Risorse","Acqua,Riduzione Idrica,Distretti",Palermo,palermo_amap.html,https://palermohub.opendatasicilia.it/palermo_amap.html,AMAP S.p.A.,"@aborruso,@gbvitrano",27-07-2024,2024-July,2024
8,Palermo - Mappa dei distretti gestiti dall'AMAP S.p.A. soggetti a riduzione della pressione idrica,Amap SpA ha risposto a una nostra richiesta e ha messo a disposizione di OpenDataScilia e pubblicamente le informazioni disponibili sulla localizzazione dei distretti della rete idrica di Palermo,legend/clip_index/distretti_amap_pa.jpg,"Ambiente,Gestione delle Risorse,Territorio","Acqua,Pressione Idrica,AMAP",Palermo,distretti_amap_pa.html,https://palermohub.opendatasicilia.it/distretti_amap_pa.html,AMAP S.p.A.,"@aborruso,@gbvitrano",24-04-2024,2024-April,2024
9,Mappa con le principali risorse idriche dell'isola dighe laghi e fiumi,Sicilia principali risorse idriche,legend/clip_index/risorse_idriche.jpg,"Ambiente,Geografia,Gestione delle Risorse","Dighe,Fiumi,Laghi",Sicilia,risorse_idriche.html,https://palermohub.opendatasicilia.it/risorse_idriche.html,Regione Sicilia,@gbvitrano,06-04-2024,2024-April,2024
10,Italia - Punti di ricarica per i veicoli elettrici,Piattaforma Unica Nazionale dei punti di ricarica per i veicoli elettrici.,legend/clip_index/punti_ricarica.jpg,"Mobilità,Ambiente,Tecnologia","Punti di Ricarica,Veicoli Elettrici,Italia",Italia,punti_ricarica.html,https://palermohub.opendatasicilia.it/punti_ricarica.html,"MASE,onData",@gbvitrano,30-03-2024,2024-March,2024
11,Deposito Nazionale dei rifiuti radioattivi - 51 AREE IDONEE,Deposito Nazionale dei rifiuti radioattivi - 51 AREE IDONEE,legend/clip_index/depositi_nucleari.jpg,"Ambiente,Energia,Sicurezza","Rifiuti Radioattivi,Nucleari,Italia",Italia,depositi_nucleari.html,https://palermohub.opendatasicilia.it/depositi_nucleari.html,"MASE,Sogin",@gbvitrano,17-12-2023,2023-December,2023
12,Palermo - Localizzazione sinistri 2022 - Umap,"Il 2022 è caratterizzato da una netta ripresa della mobilità e, come conseguenza, anche dell’incidentalità stradale. (ISTAT) e Palermo non fa eccezione. Secondo gli ultimi rapporti, il numero di incidenti stradali a Palermo è rimasto elevato, richiedendo un'attenzione costante alla sicurezza stradale.",legend/clip_index/Sinistri_stradali_2022_umap.jpg,"Mobilità,Sicurezza,Dati","Umap,Incidenti,Sinistri",Palermo,Palermo_incidenti_2022_umap.html,https://palermohub.opendatasicilia.it/Palermo_incidenti_2022_umap.html,Comune di Palermo,@gbvitrano,24-10-2023,2023-October,2023
13,Palermo - Localizzazione sinistri 2022 - Felt,"Il 2022 è caratterizzato da una netta ripresa della mobilità e, come conseguenza, anche dell’incidentalità stradale. (ISTAT) e Palermo non fa eccezione. Secondo gli ultimi rapporti, il numero di incidenti stradali a Palermo è rimasto elevato, richiedendo un'attenzione costante alla sicurezza stradale.",legend/clip_index/Sinistri_stradali_2022_felt.jpg,"Mobilità,Sicurezza,Dati","Felt,Incidenti,Sinistri",Palermo,Palermo_incidenti_2022_felt.html,https://palermohub.opendatasicilia.it/Palermo_incidenti_2022_felt.html,Comune di Palermo,@gbvitrano,24-10-2023,2023-October,2023
14,Italia - Incendi attivi VIIRS 375m / S-NPP,Mappa con gli incendi attivi in Italia. In primo piano gli eventuali incendi del giorno in corso a seguire gli incendi nelle 24h precedenti. Cliccando sull'icona layer si possono caricare gli incendi 48h e 7d la mappa è alimentata con i dati della NASA Firms,legend/clip_index/nasa_firms.jpg,"Ambiente,Sicurezza,Dati","NASA,Incendi,Monitoraggio",Italia,nasa_firms.html,https://palermohub.opendatasicilia.it/nasa_firms.html,NASA,@gbvitrano,30-08-2023,2023-August,2023
15,Discarica di Bellolampo incendio del 24 luglio 2023,Comuni territorio e popolazione coinvolta (circa 61.800) nelle misure cautelative che interessano un’area con un raggio di 4 km dal sito della discarica di Bellolampo del Comune di Palermo dopo l'incendio del 24 luglio 2023,legend/clip_index/bellolampo_diossina.jpg,"Ambiente,Sicurezza,Salute","Diossina,Incendi,Rifiuti",Palermo,bellolampo_diossina.html,https://palermohub.opendatasicilia.it/bellolampo_diossina.html,Comune di Palermo,"@aborruso,@gbvitrano",01-08-2023,2023-August,2023
16,23 Borghi più belli della Sicilia - 2023,"Autonomie locali premiati i ventitrè Borghi più belli della Sicilia. La Regione attribuisce per il 2023 un bonus economico pari a 750 mila euro ai Comuni della Sicilia che hanno ricevuto il riconoscimento di ""Borgo più bello d’Italia"" o di ""Borgo dei Borghi"".",legend/clip_index/borghi_2023.jpg,"Cultura,Turismo,Geografia","Borghi,Turismo,Sicilia",Sicilia,borghi_2023.html,https://palermohub.opendatasicilia.it/borghi_2023.html,Regione Sicilia,@gbvitrano,18-06-2023,2023-June,2023
17,Palermo 2023 - Geolocalizzazione degli Immobili da Alienare e da Valorizzare.,Piano delle alienazioni e valorizzazione ex art. 58 d. l. n. 112/2008 convertito con modificazioni in l. 133/2008 successivamente integrato dall’art. 33 comma 6 del d. l. 98/2011 nella l. 111/2011 a sua volta modificato dall’art. 27 della l. 214/2011 - da allegare al bilancio di previsione 2023 - 2025 – delibera di giunta comunale n. 100 del 6/4/2023 - presa d’atto. (Rialaborazione @opendatasicilia),legend/clip_index/beni_alienati_pa_2023.jpg,"Urbanistica,Economia,Proprietà Immobiliare","Alienazione,Valorizzazione,Immobili",Palermo,beni_alienati_pa_2023.html,https://palermohub.opendatasicilia.it/beni_alienati_pa_2023.html,Comune di Palermo,@gbvitrano,03-06-2023,2023-June,2023
18,Palermo Catasto incendi 2022,Aggiornamento del catasto dei soprassuoli percorsi dal fuoco. Incendi Anno 2022,legend/clip_index/catasto_incendi_pa_2022.jpg,"Ambiente,Sicurezza,Territorio","Catasto Incendi,Incendi,Palermo",Palermo,catasto_incendi_pa_2022.html,https://palermohub.opendatasicilia.it/catasto_incendi_pa_2022.html,"Comune di Palermo,Regione Sicilia",@gbvitrano,31-05-2023,2023-May,2023
19,Italia - Approdi e Spiagge Blu 2023,La Bandiera Blu è un riconoscimento internazionale istituito nel 1987 Anno europeo dell’Ambiente che viene assegnato ogni anno in 49 paesi inizialmente solo europei più recentemente anche extra-europei. Bandiera Blu è un eco-label volontario assegnato alle località turistiche balneari che rispettano criteri relativi alla gestione sostenibile del territorio.,legend/clip_index/divieti_balneazione_palermo.jpg,"Ambiente,Turismo,Geografia","Bandiera Blu,Spiagge,Italia",Italia,divieti_balneazione_palermo.html,https://palermohub.opendatasicilia.it/divieti_balneazione_palermo.html,FEE Italia,@gbvitrano,13-05-2023,2023-May,2023
20,Acque di Balneazione e Divieti - Palermo stagione balneare 2023,Localizzazione delle aree di balneazione e divieti a Palermo per la stagione 2023 dal 01/05/2023 al 31/10/2023,legend/clip_index/bandiere_blu_2023.jpg,"Ambiente,Salute,Territorio","Balneazione,Divieti,Palermo",Palermo,bandiere_blu_2023.html,https://palermohub.opendatasicilia.it/bandiere_blu_2023.html,"Regione Sicilia,Ministero della Salute",@gbvitrano,02-05-2023,2023-May,2023
21,Acque di Balneazione - Sicilia stagione balneare 2023,Localizzazione delle aree di balneazione in Sicilia per la stagione 2023 dal 01/05/2023 al 31/10/2023,legend/clip_index/acque_di_balneazione_2023_1.jpg,"Ambiente,Salute,Geografia","Balneazione,Sicilia,Spiagge",Sicilia,acque_balneazione_2023.html,https://palermohub.opendatasicilia.it/acque_balneazione_2023.html,"Regione Sicilia,Ministero della Salute ","@gbvitrano,@totofiandaca",30-04-2023,2023-April,2023
22,Palermo - Nuove zone blu,Palermo - Nuove zone di tariffazione della sosta a pagamento dal 01 Feb 2023,legend/clip_index/zone_blu.jpg,"Mobilità,Territorio,Economia","Zone Blu,Sosta,Palermo",Palermo,nuove_zone_blu.html,https://palermohub.opendatasicilia.it/nuove_zone_blu.html,Comune di Palermo,"@gbvitrano,Emilio Di Gristina",02-02-2023,2023-February,2023
23,Palermo - Aggiornamento del catasto dei soprassuoli percorsi dal fuoco 2021,Palermo - Aggiornamento del catasto dei soprassuoli percorsi dal fuoco - Incendi anno 2021,legend/clip_index/pa_catasto_fuoco_21.jpg,"Ambiente,Sicurezza,Territorio","Catasto Incendi,Incendi,Palermo",Palermo,pa_terre_bruciate_21.html,https://palermohub.opendatasicilia.it/pa_terre_bruciate_21.html,Comune di Palermo,@gbvitrano,19-09-2022,2022-September,2022
24,Italia - Alberi Monumentali 2022,La scoperta di un dataset interessante indispensabile per fare conoscere un patrimonio di grande valore probabilmente poco noto.,legend/clip_index/alberi_monumentali_2022.jpg,"Ambiente,Natura,Cultura","Alberi,Monumenti,Italia",Italia,alberi_monumentali_2022.html,https://palermohub.opendatasicilia.it/alberi_monumentali_2022.html,MASAF,@gbvitrano,29-07-2022,2022-July,2022
25,Sicilia - spiagge accessibili 2022,Strutture balneari che tra percorsi dedicati e servizi necessari per le persone con disabilità motoria (anche temporanea) costituiscono in Sicilia una costellazione di spiagge accessibili in cui il mare è accessibile: da Palermo ad Agrigento da Trapani a Catania Siracusa e Pantelleria il mare di Sicilia è un'esperienza godibile da tutti. (cit),legend/clip_index/Spiagge-per-tutti-accessibili-2022.jpg,"Ambiente,Turismo,Accessibilità","Spiagge Accessibili,Disabilità,Sicilia",Sicilia,sicilia_spiagge_accessibili_2022.html,https://palermohub.opendatasicilia.it/sicilia_spiagge_accessibili_2022.html,Sicilia Turismo per Tutti,@gbvitrano,07-07-2022,2022-July,2022
26,Palermo - popolazione residente per cittadinanza UPL Quartiere e Circoscrizione - 2020 Mappa a densità di punti,Gli stranieri residenti a Palermo nel 2020 sono 25.400 e rappresentano 130 Nazionalità provenienti da 5 Continenti oggi sono il 389% della popolazione totale (653.570) e lo 0.7% del totale nazionale dato che colloca Palermo in decima posizione tra le 14 Città metropolitane per numero di residenti stranieri regolari.,legend/clip_index/stranieri_residenti_subregions_dot_2020_01.jpg,"Demografia,Sociologia,Territorio","Popolazione Straniera,Cittadinanza,Palermo",Palermo,stranieri_residenti_subregions_dot_2020.html,https://palermohub.opendatasicilia.it/stranieri_residenti_subregions_dot_2020.html,Comune di Palermo,@gbvitrano,17-02-2022,2022-February,2022
27,Misilmeri - Carta Tecnica Regionale (CTR) 1:10000 e 1:2000,Carta Tecnica Regionale in scala 1:10.000 edizione 2012-2013 della regione siciliana. Shapefile generati a partire dai file ASCII RSI e RSE. Sistema di coordinate ETRS89 Fuso 33 Nord (EPSG: 25833),legend/clip_index/ctr10k_misilmeri.jpg,"Cartografia,Geografia,Territorio","Carta Tecnica,Misilmeri,CTR",Misilmeri,index_ctr10k_misilmeri.html,https://palermohub.opendatasicilia.it/index_ctr10k_misilmeri.html,Regione Sicilia,@gbvitrano,29-10-2021,2021-October,2021
28,Misilmeri - Piano regolatore generale - Vigente al 2021,Misilmeri - Piano regolatore generale - Vigente al 2021,legend/clip_index/prg_misilmeri_01.jpg,"Urbanistica,Pianificazione,Territorio","Piano Regolatore,Misilmeri,Normativa",Misilmeri,index_prg_misilmeri.html#15/38.0307/13.4446,https://palermohub.opendatasicilia.it/index_prg_misilmeri.html#15/38.0307/13.4446,Comune di Misilmeri,@gbvitrano,27-10-2021,2021-October,2021
29,Misilmeri - Patrimonio immobiliare 2021,Elenco Patrimonio immobiliare anni 2019/2020- Fino a maggio 2021,legend/clip_index/misilmeri.jpg,"Urbanistica,Economia,Proprietà Immobiliare","Patrimonio Immobiliare,Misilmeri,Immobili Comunali",Misilmeri,misilmeri_patr_immob.html,https://palermohub.opendatasicilia.it/misilmeri_patr_immob.html,Comune di Misilmeri,@gbvitrano,25-10-2021,2021-October,2021
30,Comuni Italiani - 2021,Mappa dei comuni Italiani è possibile filtrare i Comuni in base a diversi parametri. - Regione - Provincia - Sigla Provincia - Comune - Codice Istat -C.a.p. - Codice Fiscale,legend/clip_index/comuni_italiani.jpg,"Cartografia,Amministrazione,Geografia","Comuni,Italia,Open Data",Italia,comuni_italiani.html,https://palermohub.opendatasicilia.it/comuni_italiani.html,"ISTAT,indicepa.gov.it,araldicacivica.it,Wikipedia Italia","@gbvitrano,@DennisAngemi,@gaba1123",29-09-2021,2021-September,2021
31,InformaCOVID - Mappa dei comuni che hanno aderito,InformaCOVID. è rivolto principalmente ai sindaci delle città italiane ma non solo. Associazioni scuole testate giornalistiche praticamente chiunque sia in possesso di dati COVID19 provenienti da fonti ufficiali ed autorevoli può utilizzare la piattaforma per dare comunicazione alla cittadinanza. A seguire l'elenco completo dei comuni che hanno aderito a InformaCOVID.,legend/clip_index/informacovid.jpg,"Emergenze,Salute,Dati","Covid-19,Comuni,InformaCOVID",Italia,informacovid.html,https://palermohub.opendatasicilia.it/informacovid.html,Comuni Siciliani,"@gbvitrano,@DennisAngemi,@gaba1123",23-09-2021,2021-September,2021
32,Sicilia - ADESIONI CAMPAGNA VACCINALE - Strutture e Farmacie - 2021,Strutture sanitarie autorizzate ad eseguire il tampone rapido anti-Covid valido ai fini dell’emissione del certificato a prezzi calmierati. Agg. 30 settembre 2021 e Farmacie in provincia di Palermo dove poter fasre il vaccino Coronavirus ecco dove poter ricevere la dose Pfizer: l'elenco delle farmacie è stato aggiornato e diffuso dall'Asp,legend/clip_index/farm_vaccino_01.jpg,"Emergenze,Salute,Geografia","Vaccino,Farmacie,Sicilia",Sicilia,farmacie_vacc_anticovid.html,https://palermohub.opendatasicilia.it/farmacie_vacc_anticovid.html,Ministero della Salute,"@gbvitrano,@totofiandaca",27-08-2021,2021-August,2021
33,AMAP - AVVISO AGLI UTENTI DELLA CITTÀ DI PALERMO SERVITI DAL SERBATOIO MONTE GRIFONE,In riferimento alla nota n.001-11759 del 05/08/2021 si ribadisce che: “fermo restando l’uso non potabile dell’acqua la stessa non è da ritenersi idonea per l’incorporazione negli alimenti quando l’acqua ne rappresenti l’ingrediente principale (minestre bevande) soprattutto di quelli destinati a neonati o lattanti mentre ne è consentito l’utilizzo per il lavaggio di verdura ortaggi e frutta per l’igiene personale e della casa”.,legend/clip_index/seb_monte_grifone.jpg,"Ambiente,Salute,Comunicazione","AMAP,Monte Grifone,Avviso",Palermo,seb_amap.html,https://palermohub.opendatasicilia.it/seb_amap.html,AMAP S.p.A.,@gbvitrano,08-08-2021,2021-August,2021
34,Sicilia - Valutazioni Ambientali - Mappa progetti,Sicilia - Valutazioni Ambientali - Mappa progetti,legend/clip_index/valutazioni_ambientali.jpg,"Ambiente,Pianificazione,Urbanistica","VAS,VINCA,Progetti",Sicilia,valutazioni_ambientali.html,https://palermohub.opendatasicilia.it/valutazioni_ambientali.html,Regione Sicilia,@gbvitrano,07-08-2021,2021-August,2021
35,DPC-Aggregati-Strutturali-ITG - Palermo,La Presidenza del Consiglio dei Ministri – Dipartimento della Protezione Civile ha pubblicato su Github il dataset nazionale degli aggregati strutturali una raccolta dati sugli aggregati edilizi del nostro Paese.,legend/clip_index/aggregati_strutturali_pa.jpg,"Urbanistica,Sicurezza,Dati","Aggregati Strutturali,DPC,Palermo",Palermo,aggregati_strutturali_pa.html,https://palermohub.opendatasicilia.it/aggregati_strutturali_pa.html,Dipartimento della Protezione Civile,"@totofiandaca,@gbvitrano",13-05-2021,2021-May,2021
36,Sicilia - Approdi e Spiagge Blu 2021,La Sicilia conquista dieci bandiere blu distribuite tra le province di Messina Agrigento e Ragusa. Le Bandiere Blu vanno ai Comuni di Alì Terme Roccalumera Santa Teresa di Riva Lipari Tusa Menfi Modica Ispica Pozzallo Ragusa.,legend/clip_index/bandiereblu.jpg,"Ambiente,Turismo,Geografia","Bandiera Blu,Spiagge,Sicilia",Sicilia,bandiereblu.html,https://palermohub.opendatasicilia.it/bandiereblu.html,FEE Italia,@gbvitrano,11-05-2021,2021-May,2021
37,Covid-19 - 2021 - Centri vaccinali in Sicilia,Mappa ed lelenco dei centri vccinali covid-19 in sicilia,legend/clip_index/sicilia_centri_vaccinali.jpg,"Salute,Emergenze,Geografia","Centri Vaccinali,Covid-19,Sicilia",Sicilia,https://bl.ocks.org/gbvitrano/raw/c95bf7141e51d2029addfe0b92ae12b0/,https://bl.ocks.org/gbvitrano/raw/c95bf7141e51d2029addfe0b92ae12b0/,OpenDataSicilia,"@aborruso,@totofiandaca,@gbvitrano",16-04-2021,2021-April,2021
38,COVID-19 - 2021 - Comuni siciliani attualmente in zona rossa,La Regione Siciliana pubblica le ordinanze per le zone rosse solo tramite PDF (spesso sono fotocopie) e sono raccolte nel sito ufficiale nella sezione SERVIZI INFORMATIVI | ORDINANZE COVID-19. Per ovviare a questi brutti PDF Totò Fiandaca ha creato un foglio elettronico dove ha scritto dopo aver aperto uno ad uno tutte le ordinanze del 2021 i comuni in zona rossa e relativo intervallo temporale compreso anche di eventuale proroga e link al PDF.,legend/clip_index/zonarossa_11042021.jpg,"Emergenze,Salute,Dati","Zona Rossa,Covid-19,Sicilia",Sicilia,https://bl.ocks.org/gbvitrano/raw/664ac98fd51590d48290b70709a4ea48/,https://bl.ocks.org/gbvitrano/raw/664ac98fd51590d48290b70709a4ea48/,OpenDataSicilia,"@aborruso,@totofiandaca,@DennisAngemi,@gbvitrano",06-04-2021,2021-April,2021
39,COVID-19 - 2021 - Incidenza cumulativa settimanale dei contagi,Incidenza cumulativa settimanale dei contagi Ricoverati e posti letto in terapia intensiva,legend/clip_index/social_card_ondata.jpg,"Salute,Emergenze,Dati","Covid-19,Incidenza,Italia",Italia,https://bl.ocks.org/gbvitrano/raw/9e2d5b6721cd757a290d73f6ba7bc6d6/,https://bl.ocks.org/gbvitrano/raw/9e2d5b6721cd757a290d73f6ba7bc6d6/,onData,@aborruso,05-03-2021,2021-March,2021
40,Geolocalizzazione degli esercizi convenzionati buono pasto cartaceo ed eletronico - Impresa SODEXO - 2021,Sicilia - Convenzione Buoni Pasto 8 Lotto 12 - Impresa SODEXO - 2021,legend/clip_index/buoni_pasto.jpg,"Economia,Servizi,Geografia","Buoni Pasto,SODEXO,Sicilia",Sicilia,buoni_pasto.html,https://palermohub.opendatasicilia.it/buoni_pasto.html,Comune di Palermo,@gbvitrano,16-02-2021,2021-February,2021
41,Italia - Mappa news Incendi registrati nel 2021,La mappa delle notizie relative agli Incendi avvenuti nel nostro paese nel 2021,legend/clip_index/news_incendi_2018.jpg,"Ambiente,Sicurezza,Dati","Incendi,News,Italia",Italia,news_incendi_2021.html,https://palermohub.opendatasicilia.it/news_incendi_2021.html,EFFIS,@gbvitrano,01-01-2021,2021-January,2021
42,Mappa terremoti in Italia nel 2021 (earthquakes today),Mappa terremoti in Italia nel 2021 - Archivo eventi sismici registarti nel 2019 suddivisi per mese,legend/clip_index/terremoti_2019.jpg,"Sicurezza,Geografia,Dati","Terremoti,Italia,Sismicità",Italia,terremoti_2021.html,https://palermohub.opendatasicilia.it/terremoti_2021.html,INGV,"@aborruso,@gbvitrano",01-01-2021,2021-January,2021
43,Cambia-menti 1962,Cambia-menti…#Palermo…Variante Generale PRG 2004 vs PRG 1962,legend/clip_index/cambia-menti2.jpg,"Urbanistica,Storia,Pianificazione","Variante Generale,PRG,Palermo",Palermo,cambia-menti2.html,https://palermohub.opendatasicilia.it/cambia-menti2.html,Comune di Palermo,@gbvitrano,27-12-2020,2020-December,2020
44,PRG aggiornato con i provvedimenti del d.p.r.s. n 110/a del 28/06/1962 e con le successive varianti fino a giugno 1984,Le tavole sono in formato JPG quale frutto di scansione delle tavole cartacee.,legend/clip_index/qu_prg_62.jpg,"Urbanistica,Storia,Documentazione","PRG,Storia,Cartografia",Palermo,qu_prg_62.html,https://palermohub.opendatasicilia.it/qu_prg_62.html,Comune di Palermo,@gbvitrano,25-12-2020,2020-December,2020
45,Oli vegetali usati punti di raccolta in Sicilia,La mappa dei punti di raccolta è disponibile all'indirizzo https://ecologicaitaliana.com/mappa-raccolte-oli.html ed ulteriori informazioni sono disponibili al numero verde gratuito 800-987719,legend/clip_index/oli_vegetali.jpg,"Ambiente,Rifiuti,Geografia","Oli Vegetali,Riciclo,Sicilia",Sicilia,oli_vegetali.html,https://palermohub.opendatasicilia.it/oli_vegetali.html,ecologicaitaliana.com,"@aborruso,@cirospat,@gbvitrano",04-03-2020,2020-March,2020
46,Italia - Mappa news Incendi registrati nel 2020,La mappa delle notizie relative agli Incendi avvenuti nel nostro paese nel 2020,legend/clip_index/news_incendi_2020.jpg,"Ambiente,Sicurezza,Dati","Incendi,News,Italia",Italia,news_incendi_2020.html,https://palermohub.opendatasicilia.it/news_incendi_2020.html,EFFIS,@gbvitrano,01-01-2020,2020-January,2020
47,Mappa terremoti in Italia nel 2020 (earthquakes today),Mappa terremoti in Italia nel 2020 - Archivo eventi sismici registarti nel 2019 suddivisi per mese,legend/clip_index/terremoti_2018.jpg,"Sicurezza,Geografia,Dati","Terremoti,Italia,Sismicità",Italia,terremoti_2020.html,https://palermohub.opendatasicilia.it/terremoti_2020.html,INGV,"@aborruso,@gbvitrano",01-01-2020,2020-January,2020
48,Ufficio Anagrafe e Postazioni decentrate dove vegono rilasciate le carte d'identità elettroniche - CIE,Palermo Ufficio Anagrafe Postazioni decentrate e sede di Circoscrizione. Carta di identità elettronica. Dal primo ottobre Il costo di rilascio sarà di 22.20 euro di cui 16.8 andranno al Ministero dell’Interno mentre per ottenere il duplicato in caso di danneggiamento furto o smarrimento il costo sarà di 27.35 euro....,legend/clip_index/cie.jpg,"Servizi Pubblici,Amministrazione,Territorio","CIE,Anagrafe,Palermo",Palermo,cie.html,https://palermohub.opendatasicilia.it/cie.html,Comune di Palermo,@gbvitrano,21-09-2019,2019-September,2019
49,Fontanelle a Palermo un progetto per scoprire quelle di acqua potabile - Rielaborazione dati OpenDataSicilia.it e Associazione onData.it,Adesso lo sai Se usi una fontanella ti prendi cura del mondo Non fare piangere una fontanella USALA!,legend/clip_index/social_card_07.jpg,"Ambiente,Salute,Territorio","Fontanelle,Acqua Pubblica,Palermo",Palermo,https://fontanelle.ondata.it/mappa/,https://fontanelle.ondata.it/mappa/,"AMAP S.p.A.,Comune di Palermo","@aborruso,@Emiliodigri,@totofiandaca,@cirospat,@gpirrotta,@gbvitrano",26-08-2019,2019-August,2019
50,Fontanelle acqua potabile Comune di Palermo - 2019,Palermo mappa delle fontane e fontanelle pubbliche di aqcua potabile più vicono casa. Si potrà fare approvvigionamento di acqua potabile e frenare il consumo di plastica. Un piccolo gesto per la difesa dell'ambiente. #PalermoPlasticFree,legend/clip_index/fontanelle1_pa.jpg,"Ambiente,Salute,Territorio","Fontanelle,Acqua Pubblica,Palermo",Palermo,fontanelle_pa.html,https://palermohub.opendatasicilia.it/fontanelle_pa.html,AMAP S.p.A.,@gbvitrano,25-08-2019,2019-August,2019
51,Sinistri stradali rilevati nel Territorio comunale di Palermo nell'anno 2018 - Rielaborati con Flourish,Sinistri stradali rilevati nel Territorio comunale di Palermo nell'anno 2018 - Rielaborati con Flourish la piattaforma più potente per la visualizzazione e la narrazione dei dati,legend/clip_index/sinistri_2018_flourish.jpg,"Mobilità,Sicurezza,Dati","Flourish,Incidenti,Sinistri",Palermo,sinistri_2018_flourish.html,https://palermohub.opendatasicilia.it/sinistri_2018_flourish.html,Comune di Palermo,"@aborruso,@gbvitrano",22-07-2019,2019-July,2019
52,Sicilia - spiagge accessibili 2019,Strutture balneari che tra percorsi dedicati e servizi necessari per le persone con disabilità motoria (anche temporanea) costituiscono in Sicilia una costellazione di spiagge accessibili in cui il mare è accessibile: da Palermo ad Agrigento da Trapani a Catania Siracusa e Pantelleria il mare di Sicilia è un'esperienza godibile da tutti. (cit),legend/clip_index/sicilia_spiagge_accessibili_02.jpg,"Ambiente,Turismo,Accessibilità","Spiagge Accessibili,Disabilità,Sicilia",Sicilia,sicilia_spiagge_accessibili.html,https://palermohub.opendatasicilia.it/sicilia_spiagge_accessibili.html,Sicilia Turismo per Tutti,@gbvitrano,22-06-2019,2019-June,2019
53,Palermo - popolazione residente per cittadinanza UPL Quartiere e Circoscrizione - 2018 Mappa a densità di punti,Gli stranieri residenti a Palermo nel 2018 sono 25.735 e rappresentano 130 Nazionalità oggi sono il 383% della popolazione totale (670.954). Chi sono questi stranieri? Da dove vengono? Quanti sono? Dove vivono? Qual'è il rapporto stranieri/italiani nel territorio? ...I cittadini Bangladesi Singalesi Ghanesi e Romeni da soli costituiscono più della metà (5741%) di tutti gli stranieri residenti a Palermo.,legend/clip_index/stranieri_residenti_subregions_dot.jpg,"Demografia,Sociologia,Territorio","Popolazione Straniera,Cittadinanza,Palermo",Palermo,stranieri_residenti_subregions_dot.html,https://palermohub.opendatasicilia.it/stranieri_residenti_subregions_dot.html,Comune di Palermo,"@aborruso,@totofiandaca,@gbvitrano",08-06-2019,2019-June,2019
54,Residenti Stranieri a Palermo - 2018,Popolazione Residente a Palermo nel 2018. Palermo si contraddistingue tra i comuni siciliani per una maggiore presenza multietnica: gli stranieri residenti sono di 127 differenti nazionalità. Questa specificità è testimoniata tanto dal crogiolo di lingue parlate quanto dalle diverse “culture” presenti.,legend/clip_index/residenti_stranieri_pa.jpg,"Demografia,Sociologia,Territorio","Popolazione Straniera,Multietnicità,Palermo",Palermo,stranieri_residenti_suregions.html,https://palermohub.opendatasicilia.it/stranieri_residenti_suregions.html,Comune di Palermo,"@aborruso,@totofiandaca,@gbvitrano",18-05-2019,2019-May,2019
55,#FACCIAMOUNPATTO,Palermo - Piano di pulizia straordinaria - 2019 dal 06 Maggio al 17 Luglio 2019 Piano di pulizia straordinario 62 giorni lavorativi per la pulizia straordinaria di tutti i quartieri.,legend/clip_index/FACCIAMOUNPATTO.jpg,"Ambiente,Territorio,Comunicazione","Pulizia,Decoro Urbano,Palermo",Palermo,FACCIAMOUNPATTO.html,https://palermohub.opendatasicilia.it/FACCIAMOUNPATTO.html,Comune di Palermo,@gbvitrano,04-05-2019,2019-May,2019
56,Sicilia - Parafarmacie 2019,Mappa puntuale delle parafarmacie su tutto il territorio regionale,legend/clip_index/sicilia_parafarmacie.jpg,"Servizi,Salute,Geografia","Parafarmacie,Sicilia,Farmaci",Sicilia,sicilia_parafarmacie.html,https://palermohub.opendatasicilia.it/sicilia_parafarmacie.html,Regione Sicilia,@gbvitrano,26-04-2019,2019-April,2019
57,Palermo - Stagione balneare 2019 - Divieti di balneazione,Divieto di balneazione dal 1° maggio al 31 ottobre 2019 nei tratti di mare antistanti la costa del territorio di Palermo. L’Ordinanza fa riferimento alle disposizioni contenute nel Decreto n. 421 del 19 marzo scorso dell’Assessorato Regionale della Salute - Dipartimento Attività Sanitarie ed Osservatorio Epidemiologico di valutazione delle acque di mare destinate alla balneazione.,legend/clip_index/pa_divieti_balneazione_2019.jpg,"Ambiente,Salute,Territorio","Balneazione,Divieti,Palermo",Palermo,pa_divieti_balneazione_2019.html,https://palermohub.opendatasicilia.it/pa_divieti_balneazione_2019.html,Comune di Palermo,@gbvitrano,19-04-2019,2019-April,2019
58,Responsabile della transizione al digitale (RTD) - Sicilia,Il Responsabile Transizione Digitale è una figura professionale prevista dall'art. 17 del Codice dell'Amministrazione Digitale,legend/clip_index/RTD.jpg,"Amministrazione,Tecnologia,Governance","RTD,Digitalizzazione,Sicilia",Sicilia,RTD.html,https://palermohub.opendatasicilia.it/RTD.html,IPA,"@aborruso,@totofiandaca,@cirospat,@gbvitrano",03-04-2019,2019-April,2019
59,A.M.T. Catania - Marzo 2019,Azienda Metropolitana Trasporti (A.M.T.) Catania - Marzo 2019 - NO GTFS,legend/clip_index/amt_catania.jpg,"Mobilità,Trasporti,Geografia","AMT,GTFS,Trasporti Pubblici",Catania,amt_catania.html,https://palermohub.opendatasicilia.it/amt_catania.html,AMT - Catania,"@aborruso,@totofiandaca,@gbvitrano",29-03-2019,2019-March,2019
60,CCR Centro Comunale di Raccolta - Isola ecologica,Cosa è il CCR Centro Comunale di Raccolta...? E’ un’area presidiata per la raccolta differenziata dei rifiuti urbani e assimilati,legend/clip_index/ccr_isole_ecologiche_02.jpg,"Ambiente,Rifiuti,Territorio","Raccolta Differenziata,CCR,Isola Ecologica",Palermo,ccr_isole_ecologiche.html,https://palermohub.opendatasicilia.it/ccr_isole_ecologiche.html,RAP,"@aborruso,@totofiandaca,@cirospat,@gbvitrano",23-03-2019,2019-March,2019
61,INFC,Inventario Nazionale delle Foreste e dei Serbatoi Forestali di Carbonio (INFC) - Dati quantitativi su popolamento e necromassa,legend/clip_index/concentrazione_alberi.jpg,"Ambiente,Natura,Dati","Foreste,Carbonio,INFC",Italia,concentrazione_alberi.html,https://palermohub.opendatasicilia.it/concentrazione_alberi.html,INFC,@gbvitrano,16-03-2019,2019-March,2019
62,Sinistri stradali rilevati nel Territorio comunale di Palermo nell'anno 2018 - Umap,Incidenti rilevati dalla Polizia Municipale di Palermo - Umap (tot. incidenti 3340),legend/clip_index/sinistri_2018.jpg,"Mobilità,Sicurezza,Dati","Umap,Incidenti,Sinistri",Palermo,sinistri_2018.html,https://palermohub.opendatasicilia.it/sinistri_2018.html,Comune di Palermo,@gbvitrano,15-03-2019,2019-March,2019
63,Teca Digitale e Bene Comune,Mappa dei progetti Teca digitale immagini storiche che il Sistema Bibliotecario Cittadino di Palermo ha reso disponibile online sul social network flickr tutte pubblicate con una licenza aperta CC BY-SA 4.0 che ne consente il riuso - Rielaborazione dati OpenDataSicilia,legend/clip_index/teca_digitale.jpg,"Cultura,Storia,Dati","Foto Storiche,Teca Digitale,Palermo","Palermo
",teca_digitale.html,https://palermohub.opendatasicilia.it/teca_digitale.html,Comune di Palermo,"@aborruso,@totofiandaca,@cirospat,@gbvitrano",12-03-2019,2019-March,2019
64,Biblioteche e bene comune digitale,Mappa dei progetti Teca digitale immagini storiche che il Sistema Bibliotecario Cittadino di Palermo ha reso disponibile online sul social network flickr tutte pubblicate con una licenza aperta CC BY-SA 4.0 che ne consente il riuso - Rielaborazione dati OpenDataSicilia,legend/clip_index/library_02.jpg,"Cultura,Storia,Dati","Foto Storiche,Biblioteche,Palermo","Palermo
",library.html,https://palermohub.opendatasicilia.it/library.html,Comune di Palermo,"@aborruso,@gbvitrano",12-03-2019,2019-March,2019
65,Mappa del pendolarismo da e per Palermo 2011 - flowmap.blue,Mappa dinamica del pendolarismo da e per Palermo – Istat 2011,legend/clip_index/Pendolarismo_flowmap_blue.jpg,"Mobilità,Dati,Territorio","Pendolarismo,Flowmap,Palermo",Sicilia,https://flowmap.blue/1gDrYiVk4jNhmqkBhFwKOYhBTHfOU_GNsjDUHV5vpuVE,https://flowmap.blue/1gDrYiVk4jNhmqkBhFwKOYhBTHfOU_GNsjDUHV5vpuVE,ISTAT,@gbvitrano,25-01-2019,2019-January,2019
66,Italia - Mappa news Incendi registrati nel 2019,La mappa delle notizie relative agli Incendi avvenuti nel nostro paese nel 2019.,legend/clip_index/news_incendi_2019.jpg,"Ambiente,Sicurezza,Dati","Incendi,News,Italia",Italia,news_incendi_2019.html,https://palermohub.opendatasicilia.it/news_incendi_2019.html,EFFIS,@gbvitrano,13-01-2019,2019-January,2019
67,Mappa terremoti in Italia nel 2019 (earthquakes today),Mappa terremoti in Italia nel 2019 - Archivo eventi sismici registarti nel 2019 suddivisi per mese,legend/clip_index/terremoti_2019.jpg,"Sicurezza,Geografia,Dati","Terremoti,Italia,Sismicità",Italia,terremoti_2019.html,https://palermohub.opendatasicilia.it/terremoti_2019.html,INGV,"@aborruso,@gbvitrano",01-01-2019,2019-January,2019
68,Mappa terremoti in Italia nel 2018,Mappa terremoti in Italia nel 2018 - Archivo eventi sismici registarti nel 2018 suddivisi per mese,legend/clip_index/terremoti_2018.jpg,"Sicurezza,Geografia,Dati","Terremoti,Italia,Sismicità",Italia,terremoti_2018.html,https://palermohub.opendatasicilia.it/terremoti_2018.html,INGV,"@aborruso,@gbvitrano",30-12-2018,2018-December,2018
69,Stalli riservati all'Ape Calessino,47 stalli riservati all'Ape Calessino per servizio pubblico,legend/clip_index/motocarrozzette.jpg,"Mobilità,Turismo,Territorio","Ape Calessino,Stalli,Palermo",Palermo,motocarrozzette.html,https://palermohub.opendatasicilia.it/motocarrozzette.html,Comune di Palermo,@cirospat,17-11-2018,2018-November,2018
70,ARS - Mappa Deputati della XVII Legislatura,Assemblea Regionale Siciliana - ARS - Mappa Deputati della XVII Legislatura distribuiti per collegio di elezione,legend/clip_index/deputati_ars.jpg,"Politica,Geografia,Dati","ARS,Deputati,Sicilia",Sicilia,deputati_ars.html,https://palermohub.opendatasicilia.it/deputati_ars.html,Regione Sicilia,"@gpirrotta,@gbvitrano",11-11-2018,2018-November,2018
71,Mappa interattiva segnalazioni RAP,Mappa interattiva delle segnalazioni alla RAP (Risorse Ambiente Palermo) by OpenDataSicilia - Settembre 2018,legend/clip_index/app_rap.jpg,"Ambiente,Rifiuti,Dati","RAP,Segnalazioni,Palermo",Palermo,app_rap.html,https://palermohub.opendatasicilia.it/app_rap.html,RAP,"@aborruso,@totofiandaca,@gbvitrano",14-10-2018,2018-October,2018
72,Targa Florio Classica - Ferrari Tribute limitazioni alla circolazione veicolare - Palermo,"Manifestazione automobilistica ""Targa Florio Classica - Ferrari Tribute ""riservata a vetture storiche valida per il Campionato Italiano grandi Eventi e Ferrari Tribute to Targa Florio riservata ai possessori di vetture Ferrari.",legend/clip_index/targa_florio.jpg,"Mobilità,Eventi,Territorio","Targa Florio,Limitazioni,Palermo",Palermo,targa_florio.html,https://palermohub.opendatasicilia.it/targa_florio.html,Comune di Palermo,@gbvitrano,05-10-2018,2018-October,2018
73,Palermo - Aggiornamento del catasto dei soprassuoli percorsi dal fuoco,Palermo - Aggiornamento del catasto dei soprassuoli percorsi dal fuoco - Incendi anno 2017,legend/clip_index/pa_catasto_fuoco.jpg,"Ambiente,Sicurezza,Territorio","Catasto Incendi,Incendi,Palermo",Palermo,catasto_terre_bruciate_palermo.html,https://palermohub.opendatasicilia.it/catasto_terre_bruciate_palermo.html,"Comune di Palermo,Copernicus",@gbvitrano,01-10-2018,2018-October,2018
74,Localizzazione degli edifici scolastici attivi - Anno Scolastico 2017/18 - Provincia Palermo,Al via l’operazione trasparenza sui dati dell’Anagrafe dell’edilizia scolastica da oggi disponibili in chiaro per singolo istituto scolastico attraverso il portale del Ministero dell’Istruzione dell’Università e della Ricerca nella sezione dedicata ai dati e open data.,legend/clip_index/anagrafe_scuola.jpg,"Istruzione,Urbanistica,Dati","Edilizia Scolastica,MIUR,Palermo",Palermo,anagrafe_scuola.html,https://palermohub.opendatasicilia.it/anagrafe_scuola.html,MIUR,@gbvitrano,29-09-2018,2018-September,2018
75,Papa Francesco a Palermo,Viabilità provvisoria in occasione della visita di Papa Francesco a Palermo - Settembre 2018,legend/clip_index/papafrancescopalermo.jpg,"Mobilità,Eventi,Territorio","Papa Francesco,Viabilità,Palermo",Palermo,papafrancescopalermo.html,https://palermohub.opendatasicilia.it/papafrancescopalermo.html,Comune di Palermo,"@totofiandaca,@gbvitrano",09-09-2018,2018-September,2018
76,Sicilia - Ponti e viadotti Agosto 2018 - Tableau public,Mappa intereattiva dei ponti e viadotti siciliani utilizzando Tableau Public usando i dati di OpenStreetMap (utilizzando overpass-turbo.eu),legend/clip_index/ponti_tableau.jpg,"Infrastrutture,Dati,Geografia","Ponti,Viadotti,Sicilia",Sicilia,ponti_sicilia_centroidi.html,https://palermohub.opendatasicilia.it/ponti_sicilia_centroidi.html,OpenStreetMap,"@gbvitrano,@totofiandaca",27-08-2018,2018-August,2018
77,Sicilia - Ponti e viadotti Agosto 2018,Localizzati 8.703 tratte stradali su ponte o viadotti della Sicilia usando i dati di OpenStreetMap (utilizzando overpass-turbo.eu),legend/clip_index/ponti_viadotti_sicilia_01.jpg,"Infrastrutture,Dati,Geografia","Ponti,Viadotti,Sicilia",Sicilia,ponti_viadotti_sicilia.html,https://palermohub.opendatasicilia.it/ponti_viadotti_sicilia.html,OpenStreetMap,@gbvitrano,24-08-2018,2018-August,2018
78,Sicurezza ponti e cavalcavia - Palermo - Agosto 2018,Localizzazione dei ponti di Palermo usando i dati di OpenStreetMap (utilizzando overpass-turbo.eu) e mettendoli ove possibile in relazione con i dati della suddetta relazione del comunicato stampa del Comune di Palermo. Purtroppo al momento in attesa dei dati del catasto ufficiale è poco più di un elenco.,legend/clip_index/sicurezzapontipalermo.jpg,"Infrastrutture,Sicurezza,Territorio","Ponti,Palermo,Sicurezza",Palermo,sicurezzapontipalermo.html,https://palermohub.opendatasicilia.it/sicurezzapontipalermo.html,"Comune di Palermo,OpenStreetMap",@gbvitrano,24-08-2018,2018-August,2018
79,Italia – Ponti e viadotti - Agosto 2018,La mappa è stata realizzata dopo l’ennesimo crollo di un ponte (Genova crolla il Ponte Morandi) con i dati estratti da OSM utilizzando overpass-turbo.eu strumento utilissimo sia per semplicità d’utilizzo che per la possibilità di effettuare estrazioni mirate ovvero ci permette di filtrare il tipo di dati che ci servono in una determinata area geografica. Si potrebbe utilizzare la mappa come base cartografica per un censimento Nazionale di ponti e viadotti segnalando con foto o video lo stato di fatto o apparente di ponti e viadotti di strade locali e nazionali del nostro Paese.,legend/clip_index/italia_ponti_viadotti.jpg,"Infrastrutture,Sicurezza,Dati","Ponti,Viadotti,Italia",Italia,sicilia_ponti_viadotti.html,https://palermohub.opendatasicilia.it/sicilia_ponti_viadotti.html,OpenStreetMap,@gbvitrano,15-08-2018,2018-August,2018
80,Dove sono gli alberi monumentali d'Italia?,La scoperta di un dataset interessante indispensabile per fare conoscere un patrimonio di grande valore probabilmente poco noto.,legend/clip_index/alberi_monumentali.jpg,"Ambiente,Natura,Cultura","Alberi,Monumenti,Italia",Italia,alberi_monumentali.html,https://palermohub.opendatasicilia.it/alberi_monumentali.html,MASAF,@aborruso,28-05-2018,2018-May,2018
81,Mappa Concessioni Demaniali Marittime,Il dataset continene i dati delle concessioni marittime gestiti dal SID il portale del mare -portale integrato per la pianificazione del demanio e dello spazio marittimo. Le informazioni contengono anche la geolocalizzazione. I dati si riferiscono ad Aprile 2018.,legend/clip_index/Concessioni_Demaniali_Marittime.jpg,"Ambiente,Geografia,Dati","Concessioni Marittime,SID,Italia",Italia,concessioni_demaniali_marittime.html,https://palermohub.opendatasicilia.it/concessioni_demaniali_marittime.html,MIT,@gbvitrano,29-04-2018,2018-April,2018
82,Mappa dei rischi dei comuni Italiani,Esplora gli indicatori della Mappa dei rischi dei comuni Italiani - Dataset rilsciato dall'ISTAT in 2017,legend/clip_index/Guenter_ixmaps_istat.jpg,"Ambiente,Sicurezza,Dati","Rischi,Comuni,ISTAT",Italia,https://exp.ixmaps.com.s3-website-eu-west-1.amazonaws.com/ixmaps/app/ISTAT/index_rischi_explorer_cratere.html,https://exp.ixmaps.com.s3-website-eu-west-1.amazonaws.com/ixmaps/app/ISTAT/index_rischi_explorer_cratere.html,ISTAT,@grichter,19-04-2018,2018-April,2018
83,Sinistri stradali rilevati nel Territorio comunale di Palermo nell'anno 2017 - Umap,Incidenti rilevati dalla Polizia Municipale di Palermo - Umap (tot. incidenti 3468),legend/clip_index/sinistri_2017.jpg,"Mobilità,Sicurezza,Dati","Umap,Incidenti,Sinistri",Palermo,sinistri_2017.html,https://palermohub.opendatasicilia.it/sinistri_2017.html,Comune di Palermo,@gbvitrano,20-03-2018,2018-March,2018
84,Elezioni Politiche 2018,Il voto elettorale come non l'avete mai visto,legend/clip_index/elezioni_2018.jpg,"Politica,Dati,Italia","Elezioni,Voti,Italia",Italia,https://exp.ixmaps.com.s3-website-eu-west-1.amazonaws.com/ixmaps/app/Elezioni%202018/index_2018_maps.html,https://exp.ixmaps.com.s3-website-eu-west-1.amazonaws.com/ixmaps/app/Elezioni%202018/index_2018_maps.html,onData,"@grichter,@aborruso",15-03-2018,2018-March,2018
85,Palermo AirBnB - Opendata Gennaio 2018,Palermo AirBnB - Opendata Gennaio 2018 - Nella mappa sono riportati gli alloggi turistici di Palermo (4.319) affiliati della piattaforma home sharing Inside Airbnb,legend/clip_index/palermo_airbnb.jpg,"Turismo,Economia,Territorio","AirBnB,Alloggi,Palermo",Palermo,palermo_airbnb.html,https://palermohub.opendatasicilia.it/palermo_airbnb.html,Scraping di Murray Cox - @murraycoxphoto,@gbvitrano,25-01-2018,2018-January,2018
86,Geocodifica il tuo indirizzo,Usa questa utility per trovare le coordinate geografiche di un punto di una via una località un comune o una regione. Per otterere le coordinate latitudine e longitudine puoi: Scrivere per esteso il nome della via o della località (semplificato dal completamento automatico di Google per le località Italiane) che ti interessa e cliccare su invio.Trascinare il markernella mappa per ottenere le coordinate e l'indirizzo.,legend/clip_index/geolocalizza.jpg,"Tecnologia,Geografia,Servizi","Geocodifica,Coordinate,Utility",Italia,geolocalizza.html,https://palermohub.opendatasicilia.it/geolocalizza.html,Google Maps,@gbvitrano,12-01-2018,2018-January,2018
87,Italia - Mappa news Incendi registrati nel 2018,La mappa delle notizie relative agli Incendi avvenuti nel nostro paese nel 2018.,legend/clip_index/news_incendi_2018.jpg,"Ambiente,Sicurezza,Dati","Incendi,News,Italia",Italia,news_incendi_2018.html,https://palermohub.opendatasicilia.it/news_incendi_2018.html,EFFIS,@gbvitrano,01-01-2018,2018-January,2018
88,ATM Messina - GTFS,Mappa Trasporti pubblici ATM Messina - GTFS - Dicembre 2017,legend/clip_index/atm_me.jpg,"Mobilità,Trasporti,Geografia","ATM,Messina,GTFS",Messina,atm_me.html,https://palermohub.opendatasicilia.it/atm_me.html,"Comune di Messina,UNIME","@aborruso,@piersoft,@gbvitrano",24-12-2017,2017-December,2017
89,P.A.I. Geomorfologia e Idraulica di Palermo – Qgis Cloud,P.A.I. Geomorfologia e Idraulica di Palermo – Qgis Cloud,legend/clip_index/pai_qgis_cloud.jpg,"Ambiente,Sicurezza,Territorio","PAI,Geomorfologia,Idraulica",Palermo,pai_qgis_cloud.html,https://palermohub.opendatasicilia.it/pai_qgis_cloud.html,Regione Sicilia,"@aborruso,Tonino Corso,@gbvitrano ",22-12-2017,2017-December,2017
90,Orto Botanico di Palermo,Aree interne all'Orto Botanico di Palermo,legend/clip_index/orto_botanico.jpg,"Ambiente,Natura,Cultura","Orto Botanico,Giardini,Palermo",Palermo,orto_botanico.html,https://palermohub.opendatasicilia.it/orto_botanico.html,UNIPA,"@cirospat,Enrico Russo",13-12-2017,2017-December,2017
91,Palermo 3D Maps WRLD,WRLD è una piattaforma dinamica di mappatura 3D per edifici intelligenti città giochi e esperienze virtuali. Fornisce un ambiente 3D completamente testurizzato che utilizza un sistema di coordinate globali in modo reale quindi è pronto per essere utilizzato immediatamente.,legend/clip_index/3d_wrld.jpg,"Tecnologia,Modellazione 3D,Territorio","Modellazione 3D,WRLD,Palermo",Palermo,index_3d.html,https://palermohub.opendatasicilia.it/index_3d.html,Wrld3d,@gbvitrano,08-12-2017,2017-December,2017
92,Mappa del Rischio idrogeologico,Piano Stralcio di Bacino per l‘Assetto Idrogeologico (P.A.I.) Regione Sicilia - (Palermo) strumento fondamentale della politica di assetto territoriale delineata dalla legge 183/89 avviata in ogni regione la pianificazione di bacino esso ne costituisce il primo stralcio tematico e funzionale.,legend/clip_index/pericolosita_idro_geo.jpg,"Ambiente,Sicurezza,Territorio","Rischio Idrogeologico,PAI,Palermo",Palermo,rischio_idrogeologico.html#14/38.1185/13.3595,https://palermohub.opendatasicilia.it/rischio_idrogeologico.html#14/38.1185/13.3595,Regione Sicilia,"@aborruso,Tonino Corso,@gbvitrano ",05-12-2017,2017-December,2017
93,Mappa della Pericolosità idrogeologica,Piano Stralcio di Bacino per l‘Assetto Idrogeologico (P.A.I.) Regione Sicilia - (Palermo) strumento fondamentale della politica di assetto territoriale delineata dalla legge 183/89 avviata in ogni regione la pianificazione di bacino esso ne costituisce il primo stralcio tematico e funzionale.,legend/clip_index/rischio_idrogeo.jpg,"Ambiente,Sicurezza,Territorio","Pericolosità Idrogeologica,PAI,Palermo",Palermo,pericolosit%C3%A0_idrogeologica.html#14/38.1185/13.3595,https://palermohub.opendatasicilia.it/pericolosit%C3%A0_idrogeologica.html#14/38.1185/13.3595,Regione Sicilia,"@aborruso,Tonino Corso,@gbvitrano ",04-12-2017,2017-December,2017
94,Mappa delle Pericolosità e Rischio Idraulico per fenomeni di esondazione,Piano Stralcio di Bacino per l‘Assetto Idrogeologico (P.A.I.) Regione Sicilia - (Palermo) strumento fondamentale della politica di assetto territoriale delineata dalla legge 183/89 avviata in ogni regione la pianificazione di bacino esso ne costituisce il primo stralcio tematico e funzionale.,legend/clip_index/pericolo_rischio_idra.jpg,"Ambiente,Sicurezza,Territorio","Rischio Idraulico,PAI,Palermo",Palermo,idraulica.html#14/38.1185/13.3595,https://palermohub.opendatasicilia.it/idraulica.html#14/38.1185/13.3595,Regione Sicilia,"@aborruso,Tonino Corso,@gbvitrano ",03-12-2017,2017-December,2017
95,Mappa dei Dissesti,Piano Stralcio di Bacino per l‘Assetto Idrogeologico (P.A.I.) Regione Sicilia - (Palermo) strumento fondamentale della politica di assetto territoriale delineata dalla legge 183/89 avviata in ogni regione la pianificazione di bacino esso ne costituisce il primo stralcio tematico e funzionale.,legend/clip_index/dissesti.jpg,"Ambiente,Sicurezza,Territorio","Dissesti,PAI,Palermo",Palermo,dissesti.html#14/38.1185/13.3595,https://palermohub.opendatasicilia.it/dissesti.html#14/38.1185/13.3595,Regione Sicilia,"@aborruso,Tonino Corso,@gbvitrano ",02-12-2017,2017-December,2017
96,Mappa delle Pericolosità e del Rischio Geomorfologica,Piano Stralcio di Bacino per l‘Assetto Idrogeologico (P.A.I.) Regione Sicilia - (Palermo) strumento fondamentale della politica di assetto territoriale delineata dalla legge 183/89 avviata in ogni regione la pianificazione di bacino esso ne costituisce il primo stralcio tematico e funzionale.,legend/clip_index/index_pai.jpg,"Ambiente,Sicurezza,Territorio","Rischio Geomorfologico,PAI,Palermo",Palermo,index_pai.html#14/38.1185/13.3595,https://palermohub.opendatasicilia.it/index_pai.html#14/38.1185/13.3595,Regione Sicilia,"@aborruso,Tonino Corso,@gbvitrano ",01-12-2017,2017-December,2017
97,Cartografia e Ortofoto di base,Carta Tecnica Regionale 10K (C.T.R.) e Ortofoto ATA 2012 2013 Palermo 14 cm,legend/clip_index/cartografia.jpg,"Cartografia,Geografia,Territorio","CTR,Ortofoto,Palermo",Palermo,cartografia.html#14/38.1185/13.3595,https://palermohub.opendatasicilia.it/cartografia.html#14/38.1185/13.3595,Regione Sicilia,"@aborruso,@totofiandaca,@gbvitrano",01-12-2017,2017-December,2017
98,Spazi Palermo capitale italiana Cultura 2018,Spazi Culturali comunali di Palermo per capitale italiana Cultura 2018,legend/clip_index/cultura_2018.jpg,"Cultura,Eventi,Territorio","Palermo,Cultura,Spazi Culturali",Palermo,pa_capitale_cultura_2018.html,https://palermohub.opendatasicilia.it/pa_capitale_cultura_2018.html,Comune di Palermo,@cirospat,16-10-2017,2017-October,2017
99,Italia - Mappa Fire News 2012 - 2017,La mappa delle notizie relative agli Incendi avvenuti in Italia dal 2012 al 2017.,legend/clip_index/news_incendi_2012_17.jpg,"Ambiente,Sicurezza,Dati","Incendi,News,Italia",Italia,news_incendi_2012_17.html,https://palermohub.opendatasicilia.it/news_incendi_2012_17.html,EFFIS,@gbvitrano,20-09-2017,2017-September,2017
100,#FoiaeFiamme - Richiesta di accesso civico -,La mappa permette a chiunque di compilare in modo semplice e immediato una richiesta di accesso civico con la quale chiedere ad un Comune il catasto delle terre bruciate,legend/clip_index/comuniafuoco.jpg,"Ambiente,Dati,Partecipazione","Accesso Civico,Incendi,Foiaefiamme",Italia,comuniafuoco.html,https://palermohub.opendatasicilia.it/comuniafuoco.html,EFFIS,"@aborruso,@cristigalas,@giuragu,@gbvitrano",10-09-2017,2017-September,2017
101,Italia incendi boschivi dal 2009 a maggio 2016,Nel periodo 2009 - 2016 in Italia un ettaro di superficie su tre è andato in fumo in Sicilia un ettaro su cinque in Sardegna. In totale due terzi degli incendi italiani ha interessato le isole maggiori e la Calabria. Sempre nelle isole maggiori gli incendi più devastanti....,legend/clip_index/numero_incendi_italia.jpg,"Ambiente,Sicurezza,Dati","Incendi,Italia,Sicilia",Italia,numero_incendi_italia.html,https://palermohub.opendatasicilia.it/numero_incendi_italia.html,"SIF,Regione Sicilia","@aborruso,@giuragu,@gbvitrano",02-09-2017,2017-September,2017
102,Sicilia - censimento aree incendi dal 2010 a maggio 2016 - Dati parziali,Il caso Sicilia - Censimento aree incendi dal 2010 a maggio 2016 - Dati parziali,legend/clip_index/incendi_sicilia_aree.jpg,"Ambiente,Sicurezza,Dati","Incendi,Censimento,Sicilia",Sicilia,incendi_sicilia_aree.html,https://palermohub.opendatasicilia.it/incendi_sicilia_aree.html,"SIF,Regione Sicilia","@aborruso,@giuragu,@gbvitrano",02-09-2017,2017-September,2017
103,Ettari di superficie percorsa dal fuoco in Italia dal 2009 a maggio 2016 in Italia,"Nel periodo 2009 - 2016 in Italia un ettaro di superficie su tre è andato in fumo in Sicilia, un ettaro su cinque in Sardegna.
In totale due terzi degli incendi italiani ha interessato le isole maggiori e la Calabria.",legend/clip_index/incendi_boschivi_2017.jpg,"Ambiente,Emergenze","Incendi,Dati alle fiamme,Foiaefiamme",Sicilia,incendi_sup_italia.html,https://palermohub.opendatasicilia.it/incendi_sup_italia.html,"SIF,Regione Sicilia","@aborruso,@giuragu,@gbvitrano",02-09-2017,2017-September,2017
104,Sicilia - Griglia - Incendi boschivi censimento aree incendi dal 2010 a maggio 2016 - Dati parziali,"Giovedì 16/06/2016 la Sicilia entra ufficialmente nell’odiata stagione degli “incendi”.
Centinaia di incendi divampano contemporaneamente in diverse territori dell’isola e capita che in un medesimo territorio le fiamme divampino a partire da diversi punti.",legend/clip_index/incendi_sicilia_2016_griglia.jpg,"Ambiente,Emergenze","Incendi,Dati alle fiamme,Foiaefiamme",Sicilia,incendi_sicilia_aree.html,https://palermohub.opendatasicilia.it/incendi_sicilia_aree.html,"SIF,Regione Sicilia","@aborruso,@giuragu,@gbvitrano",02-09-2017,2017-September,2017
105,Location di Film girati in Sicilia,Location di Film girati in Sicilia da un lavoro di VisitSicily.info catalogo di Film in progress,legend/clip_index/location_film.jpg,"Cultura,Turismo,Geografia","Film,Location,Sicilia",Sicilia,location_film.html,https://palermohub.opendatasicilia.it/location_film.html,Visit Sicily Regione Sicilia,"@cirospat,Renato Alongi",24-08-2017,2017-August,2017
106,L'incendio che distrusse 3000 ettari di Parco Nazionale del Vesuvio,"L&#180;intero perimetro del vulcano percorso dalle fiamme, migliaia di ettari di vegetazione distrutti. Danni incalcolabili per l'ecosistema",legend/clip_index/vesuvio.jpg,"Ambiente,Emergenze","Incendi,Vesuvio,Parco Nazionale,COPERNICUS",Napoli,vesuvio.html,https://palermohub.opendatasicilia.it/vesuvio.html,EFFIS,@gbvitrano,09-08-2017,2017-August,2017
107,Sicilia a fuoco - Sciacca - Grading Map 3D,"Gli incendi in Sicilia, una situazione drammatica vista da COPERNICUS - Emergency Management Service
EMSR213: Forest Fire in Southern Italy",legend/clip_index/avola_3d.jpg,"Ambiente,Emergenze","Incendi,COPERNICUS,EMS,3D","Avola,Biancavilla,Blufi,Caltagirone,Etna,Francofonte,Messina,Mistretta,Monreale,Naso,Piazza Armerina,Piazza Armerina,San Vito Lo Capo,Sciacca",3d_avola.html,https://palermohub.opendatasicilia.it/3d_avola.html,"COPERNICUS,EMS",@gbvitrano,02-08-2017,2017-August,2017
108,Aree di Emergenza - Protezione Civile - Regione Sicilia,Censimento delle aree di emergenza ai fini della pianificazione di Protezione Civile (Aree di attesa della popolazione Aree di accoglienza o di ricovero della popolazione e Aree di ammassamento soccorritori e Risorse) dei Comuni delle Provincia di Catania Enna Messina Ragusa e del Comune di Palermo.,legend/clip_index/piano_pc.jpg,"Sicurezza,Emergenze,Geografia","Protezione Civile,Aree di Emergenza,Sicilia","Catania,Enna,Messina,Ragusa,Palermo",piano_prot_civ.html#12/38.1335/13.3193,https://palermohub.opendatasicilia.it/piano_prot_civ.html#12/38.1335/13.3193,"Regione Sicilia,Comune di Palermo",@gbvitrano,01-08-2017,2017-August,2017
109,Sicilia a fuoco - Avola - Grading Map ,"Gli incendi in Sicilia, una situazione drammatica vista da COPERNICUS - Emergency Management Service
EMSR213: Forest Fire in Southern Italy",legend/clip_index/avola.jpg,"Ambiente,Emergenze","Incendi,COPERNICUS,EMS,3D",Avola,avola.html,https://palermohub.opendatasicilia.it/avola.html,"COPERNICUS,EMS",@gbvitrano,01-08-2017,2017-August,2017
110,Sicilia a fuoco - Biancavilla - Grading Map ,"Gli incendi in Sicilia, una situazione drammatica vista da COPERNICUS - Emergency Management Service
EMSR213: Forest Fire in Southern Italy",legend/clip_index/biancavilla.jpg,"Ambiente,Emergenze","Incendi,COPERNICUS,EMS,3D",Biancavilla,biancavilla.html,https://palermohub.opendatasicilia.it/biancavilla.html,"COPERNICUS,EMS",@gbvitrano,01-08-2017,2017-August,2017
111,Sicilia a fuoco - Blufi - Grading Map ,"Gli incendi in Sicilia, una situazione drammatica vista da COPERNICUS - Emergency Management Service
EMSR213: Forest Fire in Southern Italy",legend/clip_index/blufi.jpg,"Ambiente,Emergenze","Incendi,COPERNICUS,EMS,3D",Blufi,blufi.html,https://palermohub.opendatasicilia.it/blufi.html,"COPERNICUS,EMS",@gbvitrano,01-08-2017,2017-August,2017
112,Sicilia a fuoco - Caltagirone - Grading Map ,"Gli incendi in Sicilia, una situazione drammatica vista da COPERNICUS - Emergency Management Service
EMSR213: Forest Fire in Southern Italy",legend/clip_index/caltagirone.jpg,"Ambiente,Emergenze","Incendi,COPERNICUS,EMS,3D",Caltagirone,caltagirone.html,https://palermohub.opendatasicilia.it/caltagirone.html,"COPERNICUS,EMS",@gbvitrano,01-08-2017,2017-August,2017
113,Sicilia a fuoco - Etna- Grading Map ,"Gli incendi in Sicilia, una situazione drammatica vista da COPERNICUS - Emergency Management Service
EMSR213: Forest Fire in Southern Italy",legend/clip_index/etna.jpg,"Ambiente,Emergenze","Incendi,COPERNICUS,EMS,3D",Etna,etna_nord.html,https://palermohub.opendatasicilia.it/etna_nord.html,"COPERNICUS,EMS",@gbvitrano,01-08-2017,2017-August,2017
114,Sicilia a fuoco - Francofonte - Grading Map ,"Gli incendi in Sicilia, una situazione drammatica vista da COPERNICUS - Emergency Management Service
EMSR213: Forest Fire in Southern Italy",legend/clip_index/francofonte.jpg,"Ambiente,Emergenze","Incendi,COPERNICUS,EMS,3D",Francofonte,francofonte.html,https://palermohub.opendatasicilia.it/francofonte.html,"COPERNICUS,EMS",@gbvitrano,01-08-2017,2017-August,2017
115,Sicilia a fuoco - Messina - Grading Map ,"Gli incendi in Sicilia, una situazione drammatica vista da COPERNICUS - Emergency Management Service
EMSR213: Forest Fire in Southern Italy",legend/clip_index/messina.jpg,"Ambiente,Emergenze","Incendi,COPERNICUS,EMS,3D",Messina,messina.html,https://palermohub.opendatasicilia.it/messina.html,"COPERNICUS,EMS",@gbvitrano,01-08-2017,2017-August,2017
116,Sicilia a fuoco - Mistretta - Grading Map ,"Gli incendi in Sicilia, una situazione drammatica vista da COPERNICUS - Emergency Management Service
EMSR213: Forest Fire in Southern Italy",legend/clip_index/mistretta.jpg,"Ambiente,Emergenze","Incendi,COPERNICUS,EMS,3D",Mistretta,mistretta.html,https://palermohub.opendatasicilia.it/mistretta.html,"COPERNICUS,EMS",@gbvitrano,01-08-2017,2017-August,2017
117,Sicilia a fuoco - Monreale - Grading Map ,"Gli incendi in Sicilia, una situazione drammatica vista da COPERNICUS - Emergency Management Service
EMSR213: Forest Fire in Southern Italy",legend/clip_index/monreale.jpg,"Ambiente,Emergenze","Incendi,COPERNICUS,EMS,3D",Monreale,monreale.html,https://palermohub.opendatasicilia.it/monreale.html,"COPERNICUS,EMS",@gbvitrano,01-08-2017,2017-August,2017
118,Sicilia a fuoco - Naso - Grading Map ,"Gli incendi in Sicilia, una situazione drammatica vista da COPERNICUS - Emergency Management Service
EMSR213: Forest Fire in Southern Italy",legend/clip_index/naso.jpg,"Ambiente,Emergenze","Incendi,COPERNICUS,EMS,3D",Naso,naso.html,https://palermohub.opendatasicilia.it/naso.html,"COPERNICUS,EMS",@gbvitrano,01-08-2017,2017-August,2017
119,Sicilia a fuoco - Piazza Armerina - Grading Map ,"Gli incendi in Sicilia, una situazione drammatica vista da COPERNICUS - Emergency Management Service
EMSR213: Forest Fire in Southern Italy",legend/clip_index/piazza_armerina.jpg,"Ambiente,Emergenze","Incendi,COPERNICUS,EMS,3D",Piazza Armerina,piazza_armerina.html,https://palermohub.opendatasicilia.it/piazza_armerina.html,"COPERNICUS,EMS",@gbvitrano,01-08-2017,2017-August,2017
120,Sicilia a fuoco - San Vito Lo Capo - Grading Map ,"Gli incendi in Sicilia, una situazione drammatica vista da COPERNICUS - Emergency Management Service
EMSR213: Forest Fire in Southern Italy",legend/clip_index/san_vito_lo_capo.jpg,"Ambiente,Emergenze","Incendi,COPERNICUS,EMS,3D",San Vito Lo Capo,san_vito_lo_capo.html,https://palermohub.opendatasicilia.it/san_vito_lo_capo.html,"COPERNICUS,EMS",@gbvitrano,01-08-2017,2017-August,2017
121,Sicilia a fuoco - Sciacca - Grading Map ,"Gli incendi in Sicilia, una situazione drammatica vista da COPERNICUS - Emergency Management Service
EMSR213: Forest Fire in Southern Italy",legend/clip_index/sciacca.jpg,"Ambiente,Emergenze","Incendi,COPERNICUS,EMS,3D",Sciacca,sciacca.html,https://palermohub.opendatasicilia.it/sciacca.html,"COPERNICUS,EMS",@gbvitrano,01-08-2017,2017-August,2017
122,Sicila a fuoco - 2017 - EMSR213: Forest Fire in Southern Italy,Gli incendi in Sicilia una situazione drammatica vista da COPERNICUS - Emergency Management Service - EMSR213: Forest Fire in Southern Italy,legend/clip_index/index_incendi_sicilia.jpg,"Ambiente,Sicurezza,Dati","Incendi,COPERNICUS,Sicilia",Sicilia,index_incendi_sicilia.html,https://palermohub.opendatasicilia.it/index_incendi_sicilia.html,EFFIS,@gbvitrano,03-07-2017,2017-July,2017
123,Pericolosità sismica - Sicilia,Pericolosità sismica di riferimento per il Territorio nazionale,legend/clip_index/peric_sismica.jpg,"Ambiente,Sicurezza,Geografia","Sisma,Pericolosità,Italia",Italia,peric_sismica.html#9/37.5313/14.0353,https://palermohub.opendatasicilia.it/peric_sismica.html#9/37.5313/14.0353,"ISTAT,INGV",@gbvitrano,01-07-2017,2017-July,2017
124,Contenitori di oli esausti vegetali a Palermo,Dislocazione dei contenitori di oli esausti vegetali a Palermo,legend/clip_index/contenitori_olio.jpg,"Ambiente,Rifiuti,Territorio","Oli Vegetali,Riciclo,Palermo",Palermo,contenitori_olio.html,https://palermohub.opendatasicilia.it/contenitori_olio.html,Comune di Palermo,@cirospat,14-06-2017,2017-June,2017
125,Qgis Feature 2.5D Renderer Modello digitale del terreno di Palermo,Test Qgis Feature 2.5D Renderer Modello digitale sugli edifici del centro storico di Palermo,legend/clip_index/renderer_2_5D.jpg,"Tecnologia,Modellazione 3D,Territorio","QGIS,2.5D,DTM",Palermo,renderer_2_5D.html,https://palermohub.opendatasicilia.it/renderer_2_5D.html,"Comune di Palermo,Regione Sicilia",@gbvitrano,22-05-2017,2017-May,2017
126,Modello digitale del terreno di Palermo,Modello digitale del terreno #DTM – del territorio di Palermo,legend/clip_index/dem_palermo.jpg,"Tecnologia,Modellazione 3D,Territorio","DTM,DEM,Palermo",Palermo,dem_palermo.html,https://palermohub.opendatasicilia.it/dem_palermo.html,Regione Sicilia,@gbvitrano,21-05-2017,2017-May,2017
127,Atlante delle Carte Tecniche storiche,Osservare il cambiamento di una città grazie alla cartografia... Rispetto alla mappa pubblicata ad Aprile 2017 è stata aggiunta una nuova carta tecnica ed è stato migliorato il passaggio da una carta all'altra mantenendo posizione e zoom,legend/clip_index/atlante.jpg,"Storia,Cartografia,Territorio","Atlante,Cartografia Storica,Palermo",Palermo,index_atlante.html,https://palermohub.opendatasicilia.it/index_atlante.html,Comune di Palermo,"@aborruso,@piersoft,@cirospat,@gbvitrano",17-05-2017,2017-May,2017
128,Protezione Civile - Campagna AntIncendio Boschivo 2017,Nella mappa è riportata la localizzazione delle basi operative con Elicotteri e mezzi aerei disponibili per la Campagna AntIncendio Boschivo 2017 della Protezione Civile e le basi aeree messe a disposizione dalle Regioni. I mezzi della flotta aerea dello Stato sono coordinati dal Coau - Centro Operativo Aereo Unificato del Dipartimento della Protezione Civile.,legend/clip_index/campagna_antinc.jpg,"Ambiente,Sicurezza,Dati","Protezione Civile,Incendi,Elicotteri",Italia,campagna_antinc.html,https://palermohub.opendatasicilia.it/campagna_antinc.html,Protezione Civile,@gbvitrano,10-05-2017,2017-May,2017
129,Palermo – Elezioni Amministrative 2017 – Affluenza per seggio elettorale,Nella mappa sono localizzati i seggi elettorali per le elezioni amministrative 2017 con l’indicazione del nome della scuola l’indirizzo e la possibilità di accesso per i portatori di disabilità motorie. Inoltre sono riportati il numero degli elettori e l’affluenza nei vari seggi.,legend/clip_index/amministrative_2017_affluenza.jpg,"Politica,Dati,Territorio","Elezioni,Seggi,Palermo",Palermo,amministrative_2017_affluenza.html,https://palermohub.opendatasicilia.it/amministrative_2017_affluenza.html,Comune di Palermo,"@aborruso,@cirospat,@gbvitrano",09-05-2017,2017-May,2017
130,Palermo – Elezioni Amministrative 2017 – Voti ai candidati sindaco aggregati per scuola,Nella mappa sono localizzati i seggi elettorali per le elezioni amministrative 2017 con l’indicazione del nome della scuola l’indirizzo e la possibilità di accesso per i portatori di disabilità motorie. Inoltre sono riportati i voti ai candidati sindaco per sezione.,legend/clip_index/amministrative_2017_voti_sindaco.jpg,"Politica,Dati,Territorio","Elezioni,Voti,Palermo",Palermo,amministrative_2017_voti_sindaco.html,https://palermohub.opendatasicilia.it/amministrative_2017_voti_sindaco.html,Comune di Palermo,"@aborruso,@cirospat,@gbvitrano",08-05-2017,2017-May,2017
131,Palermo – Controlli amianto 2016-2017 – Polizia Municipale,Nella mappa è riportato il dataset degli interventi effettuati relativi alla presenza di amianto nel territorio comunale di Palermo dalla Polizia Municipale nel 2016 e 2017,legend/clip_index/controlli_amianto_16_17.jpg,"Ambiente,Salute,Territorio","Amianto,Controlli,Palermo",Palermo,controlli_amianto_16_17.html,https://palermohub.opendatasicilia.it/controlli_amianto_16_17.html,Comune di Palermo,@gbvitrano,06-05-2017,2017-May,2017
132,Italia - Mappa news Incendi registrati nel 2017,La mappa delle notizie relative agli Incendi avvenuti nel nostro paese nel 2017.,legend/clip_index/news_incendi_2017.jpg,"Ambiente,Sicurezza,Dati","Incendi,News,Italia",Italia,news_incendi_2017.html,https://palermohub.opendatasicilia.it/news_incendi_2017.html,EFFIS,@gbvitrano,05-05-2017,2017-May,2017
133,Mappa del ferro - Palermo [Maggio 2017],Nella mappa sono riportate le infrastrutture su rotaia del trasporto pubblico di massa in esercizio in corso di realizzazione e in fase di progettazione a Palermo,legend/clip_index/mappa_ferro.jpg,"Mobilità,Trasporti,Territorio","Ferro,Trasporto Pubblico,Palermo",Palermo,mappa_ferro.html,https://palermohub.opendatasicilia.it/mappa_ferro.html,Comune di Palermo,"@cirospat,@gbvitrano",03-05-2017,2017-May,2017
134,Strumenti urbanistici di attuazione,Variente Generle l P.R.G. - Zonizzazione e vincoli sul Territorio adeguati ai D. Dir 558 e 124/DRU/02 di approvazione - Luglio 2003 - Presa D'atto Delibera 7/2004 e Piano Particolareggiato Esecutivo del centro storico,legend/clip_index/prg.jpg,"Urbanistica,Pianificazione,Territorio","PRG,Zonizzazione,Vincoli",Palermo,index_prg.html#14/38.1185/13.3595,https://palermohub.opendatasicilia.it/index_prg.html#14/38.1185/13.3595,Comune di Palermo,"@aborruso,@gbvitrano",01-05-2017,2017-May,2017
135,Cambia-menti 2025,Cambia-menti…#Palermo…Variante Generale PRG 2004 vs Schema di massima del PRG 2025,legend/clip_index/cambia-menti.jpg,"Urbanistica,Pianificazione,Territorio","Variante Generale,PRG,Palermo",Palermo,cambia-menti.html,https://palermohub.opendatasicilia.it/cambia-menti.html,Comune di Palermo,"@cirospat,@gbvitrano",22-04-2017,2017-April,2017
136,Studio Vulnerabilità sismica degli edifici residenziali di Palermo - Mappa 3D,E’ una mappatura di base della vulnerabilità sismica degli edifici residenziali di due aree campione della città. La vulnerabilità sismica rappresenta una misura della maggiore o minore capacità degli edifici di resistere ad azioni sismiche (terremoti di prefissata entità),legend/clip_index/vulnerab_sismica_3D.jpg,"Sicurezza,Modellazione 3D,Territorio","Vulnerabilità Sismica,Modellazione 3D,Palermo",Palermo,vulnerabilità_sismica_3D.html,https://palermohub.opendatasicilia.it/vulnerabilità_sismica_3D.html,"Comune di Palermo,ISTAT,Regione Sicilia","@aborruso,@carbone_letizia,@cirospat,@gbvitrano",20-04-2017,2017-April,2017
137,Mappa del pendolarismo da e per Palermo – Istat 2011,Mappa del pendolarismo da e per Palermo – Istat 2011,legend/clip_index/pendolarismo.jpg,"Mobilità,Dati,Territorio","Pendolarismo,ISTAT,Palermo","Sicilia,Palermo",pendolarismo.html,https://palermohub.opendatasicilia.it/pendolarismo.html,ISTAT,"@cirospat,@gbvitrano",05-04-2017,2017-April,2017
138,Servizio taxi sharing - Palermo,Servizio taxi sharing - Palermo,legend/clip_index/taxi_sharing.jpg,"Mobilità,Servizi,Territorio","Taxi,Sharing,Palermo",Palermo,taxi_sharing.html,https://palermohub.opendatasicilia.it/taxi_sharing.html,Comune di Palermo,"@cirospat,@gbvitrano",05-04-2017,2017-April,2017
139,Studio sulla vulnerabilità sismica degli edifici residenziali di Palermo,E’ una mappatura di base della vulnerabilità sismica degli edifici residenziali di due aree campione della città. La vulnerabilità sismica rappresenta una misura della maggiore o minore capacità degli edifici di resistere ad azioni sismiche (terremoti di prefissata entità),legend/clip_index/vulnerab_sismica.jpg,"Sicurezza,Urbanistica,Territorio","Vulnerabilità Sismica,Edifici,Palermo",Palermo,vulnerabilità_sismica.html,https://palermohub.opendatasicilia.it/vulnerabilità_sismica.html,"Comune di Palermo,ISTAT","@aborruso,@carbone_letizia,@cirospat,@gbvitrano",04-04-2017,2017-April,2017
140,Mappa rimozione di cemento amianto,Rielaborazione rimozione di cemento amianto negli spazi pubblici comunali dal 2010 al 2016,legend/clip_index/amianto.jpg,"Ambiente,Salute,Territorio","Amianto,Rimozione,Inquinamento",Palermo,2016_rim_ami.html#12/38.1377/13.3477,https://palermohub.opendatasicilia.it/2016_rim_ami.html#12/38.1377/13.3477,Comune di Palermo,"@cirospat,@gbvitrano",01-04-2017,2017-April,2017
141,Pericolosità sismica del Territorio d'Italia e principali dighe italiane,Pericolosità sismica del Territorio d'Italia e principali dighe italiane,legend/clip_index/dighe_ciro.jpg,"Ambiente,Sicurezza,Geografia","Sisma,Dighe,Italia",Italia,dighe_ciro.html,https://palermohub.opendatasicilia.it/dighe_ciro.html,"INGV,Registro italiano delle dighe","@aborruso,@cirospat,@gbvitrano",13-03-2017,2017-March,2017
142,Italia – Qualità delle acque di balneazione nel 2016,Oltre l’85% dei siti di balneazione monitorati in tutta Europa nel 2016 soddisfa i requisiti più rigorosi per fregiarsi della qualifica di “eccellente” il che significa che sono per lo più esenti da inquinanti pericolosi per la salute umana e l’ambiente secondo la relazione annuale sulla qualità delle acque di balneazione pubblicata oggi,legend/clip_index/balneazione_2016.jpg,"Ambiente,Salute,Geografia","Balneazione,Qualità Acqua,Italia",Italia,balneazione_2016.html,https://palermohub.opendatasicilia.it/balneazione_2016.html,EEA,@gbvitrano,06-03-2017,2017-March,2017
143,Risorse Naturali Palermo,Palermo: tipologia delle Risorse Naturali,legend/clip_index/risorse_naturali.jpg,"Ambiente,Natura,Territorio","Risorse Naturali,Palermo,Natura",Palermo,risorse_naturali.html,https://palermohub.opendatasicilia.it/risorse_naturali.html,Comune di Palermo,@cirospat,05-03-2017,2017-March,2017
144,Palermo Differenzia 2,Pianificazione Particolareggiata all'interno dell’Ambito Ottimale “Palermo Area Metropolitana” della raccolta differenziata,legend/clip_index/differenzia_2.jpg,"Ambiente,Rifiuti,Territorio","Raccolta Differenziata,Palermo,Pianificazione",Palermo,differenzia_2.html,https://palermohub.opendatasicilia.it/differenzia_2.html,Comune di Palermo,@cirospat,04-03-2017,2017-March,2017
145,Segnalazioni incidenti real time del Comando Polizia Municipale di Palermo da Novembre 2016,Segnalazioni incidenti real time del Comando Polizia Municipale di Palermo da Novembre 2016,legend/clip_index/incidenti_real_time.jpg,"Mobilità,Sicurezza,Dati","Incidenti,Real Time,Polizia Municipale",Palermo,incidenti_real_time.html,https://palermohub.opendatasicilia.it/incidenti_real_time.html,Comune di Palermo,"@aborruso,@cirospat,@gbvitrano",04-03-2017,2017-March,2017
146,Mappa dinamica - Realizzata da Guenter Richter,Mappa dinamica - Realizzata da Guenter Richter con il progetto IXMAPS,legend/clip_index/mappadinamica_16.jpg,"Mobilità,Dati,Territorio","IXMAPS,Incidenti,Polizia Municipale",Palermo,https://projects.ixmaps.com.s3-website-eu-west-1.amazonaws.com/Palermo_Incidenti/app/Palermo_Incidenti/index_2016_full.html,https://projects.ixmaps.com.s3-website-eu-west-1.amazonaws.com/Palermo_Incidenti/app/Palermo_Incidenti/index_2016_full.html,Comune di Palermo,@grichter,03-03-2017,2017-March,2017
147,Sezione censuarie - ISTAT 2011 Unità di primo livello (UPL) Quartieri e Circoscrizioni di Palermo,Nella mappa è rappresentata la suddivisione del territorio di Palermo dalle sezione censuarie - ISTAT 2011 alle Unità di primo livello (UPL) dai Quartieri alle Circoscrizioni estratti dal dataset ISTAT Basi territoriali e variabili censuarie - Censimento 2011,legend/clip_index/circoscrizioni.jpg,"Demografia,Territorio,Cartografia","ISTAT,UPL,Palermo",Palermo,circoscrizioni.html,https://palermohub.opendatasicilia.it/circoscrizioni.html,ISTAT,@gbvitrano,03-03-2017,2017-March,2017
148,Uffici della Motorizzazione e Officine Autorizzate alla revisione,Uffici della Motorizzazione e Officine Autorizzate alla revisione - Marzo 2017,legend/clip_index/motor_off_autor.jpg,"Mobilità,Servizi,Geografia","Motorizzazione,Officine,Italia",Italia,motor_off_autor.html,https://palermohub.opendatasicilia.it/motor_off_autor.html,MIT,@gbvitrano,03-03-2017,2017-March,2017
149,Avvisi real time del Comando Polizia Municipale di Palermo,Avvisi real time del Comando Polizia Municipale di Palermo su traffico incidenti manifestazioni lavori in corso;,legend/clip_index/avvisi_real_time.jpg,"Mobilità,Sicurezza,Dati","Avvisi,Real Time,Polizia Municipale",Palermo,avvisi_real_time.html,https://palermohub.opendatasicilia.it/avvisi_real_time.html,Comune di Palermo,"@aborruso,@cirospat,@gbvitrano",03-03-2017,2017-March,2017
150,Sinistri stradali rilevati nel Territorio comunale di Palermo nell'anno 2016 - Leaflet,Incidenti rilevati dalla Polizia Municipale di Palermo - Leaflet (tot. incidenti 3577),legend/clip_index/index_sinistri_2016.jpg,"Mobilità,Sicurezza,Dati","Leaflet,Incidenti,Sinistri",Palermo,index_sinistri_2016.html,https://palermohub.opendatasicilia.it/index_sinistri_2016.html,Comune di Palermo,@gbvitrano,02-03-2017,2017-March,2017
151,Sinistri stradali rilevati nel Territorio comunale di Palermo nell'anno 2016 - Umap,Incidenti rilevati dalla Polizia Municipale di Palermo - Umap (tot. incidenti 3577),legend/clip_index/sinistri_16.jpg,"Mobilità,Sicurezza,Dati","Umap,Incidenti,Sinistri",Palermo,sinistri_16.html,https://palermohub.opendatasicilia.it/sinistri_16.html,Comune di Palermo,@gbvitrano,02-03-2017,2017-March,2017
152,La Domenica Favorita,"5 Domeniche di apertura de ""La Domenica Favorita"":26 Marzo 9 e 23 Aprile; 7 e 21 Maggio 2017 - Un iniziativa del Comitato ""La Domenica Favorita"" in collaborazione con il Comune di Palermo",legend/clip_index/favorita.jpg,"Cultura,Eventi,Territorio","La Domenica Favorita,Palermo,Eventi",Palermo,domenica_all_favorita.html,https://palermohub.opendatasicilia.it/domenica_all_favorita.html,ladomenicafavorita.com,"@cirospat,@gbvitrano",01-03-2017,2017-March,2017
153,Sicily Events,Il riuso della Rassegna di eventi pubblicata a cura dell'Assessorato turismo sport spettacolo della Regione Siciliana,legend/clip_index/sicily_events.jpg,"Cultura,Eventi,Geografia","Sicily Events,Sicilia,Eventi",Sicilia,sicily_events.html,https://palermohub.opendatasicilia.it/sicily_events.html,Regione Sicilia,@aborruso,05-02-2017,2017-February,2017
154,Le maggiori dighe d'Italia e aree di pericolosita sismica,Mappa per Magzine - progetto della Scuola di giornalismo dell’Università Cattolica del Sacro Cuore di Milano - Le grandi dighe e il rischio sismico in Italia a cura di Antonio Di Francesco e Ilaria Mauri,legend/clip_index/dighe_gianni.jpg,"Ambiente,Sicurezza,Geografia","Dighe,Sisma,Italia",Italia,dighe_gianni.html,https://palermohub.opendatasicilia.it/dighe_gianni.html,"IGNV,Registro italiano delle dighe,ProgettoDighe","@aborruso,@cirospat,@gbvitrano",02-02-2017,2017-February,2017
155,Siccità turnazione idrica per alcune zone della città di Palermo,Siccità turnazione idrica per alcune zone della città di Palermo,legend/clip_index/siccita.jpg,"Ambiente,Emergenze,Territorio","Siccità,Turnazione,Acqua",Palermo,siccita.html,https://palermohub.opendatasicilia.it/siccita.html,"AMAP S.p.A.,Comune di Palermo","@cirospat,@gbvitrano",08-01-2017,2017-January,2017
156,Monumenti abbandonati,Mappa dei monumenti abbandonati e dimenticati di Palermo. Iniziativa proposta dall'associazione Palermo Indignata,legend/clip_index/monumenti.jpg,"Cultura,Storia,Territorio","Monumenti,Abbandono,Arte",Palermo,monumenti_abbandonati.html,https://palermohub.opendatasicilia.it/monumenti_abbandonati.html,"gruppi facebook ""Palermo Indignata"" e ""I Monumenti Abbandonati di Palermo""","Giuseppe Mazzola,Associazione Palermo Indignata",01-01-2017,2017-January,2017
157,Trasporti pubblici Palermo,Mappa con fermate linee e orari dei Bus e Tram di Palermo - Amat spa. Map e turorial by @piersoft. GTFS Lic. CC-BY Db SpatiaLite e Query utili di @aborruso - OpenData Comune di Palermo,legend/clip_index/trasporti_pa.jpg,"Mobilità,Trasporti,Territorio","AMAT,Trasporti Pubblici,GTFS",Palermo,trasporti_pa.html,https://palermohub.opendatasicilia.it/trasporti_pa.html,Comune di Palermo,"@aborruso,@piersoft,@gbvitrano",27-12-2016,2016-December,2016
158,#Openamat,#Openamat - Trasporti pubblici - GTFS Palermo validi fino al 31 Dic 2016,legend/clip_index/amat_pa.jpg,"Mobilità,Trasporti,Dati","OpenAMAT,GTFS,Palermo",Palermo,amat_pa.html,https://palermohub.opendatasicilia.it/amat_pa.html,Comune di Palermo,"@aborruso,@piersoft,@cirospat,@gbvitrano",27-12-2016,2016-December,2016
159,Referendum Costituzionale 4 Dicembre 2016 – Dati Palermo,Referendum Costituzionale 4 Dicembre 2016 – Dati Palermo,legend/clip_index/referendum_costituzionale.jpg,"Politica,Dati,Territorio","Referendum,Voti,Palermo",Palermo,referendum_costituzionale.html,https://palermohub.opendatasicilia.it/referendum_costituzionale.html,Comune di Palermo,"@cirospat,@gbvitrano",04-12-2016,2016-December,2016
160,Seggi elettorali di Palermo accessibili ai portatori di disabilità motorie,"""Gli elettori con capacità di deambulazione gravemente ridotta possono esercitare il diritto di voto in una qualsiasi sezione elettorale del Comune appositamente allestita quando la sezione alla quale sono iscritti non è accessibile mediante sedia a ruote. È necessaria l’esibizione di documento di riconoscimento della tessera elettorale l’attestazione medica rilasciata anche precedentemente e per altri scopi dall’Azienda Sanitaria o copia autentica della patente di guida speciale purché dalla documentazione esibita risulti l’impossibilità o la capacità gravemente ridotta di deambulazione. Si sono individuate segnalandone gli accessi con apposito simbolo ed attrezzate le sezioni ubicate in locali ove le barriere architettoniche sono state eliminate""",legend/clip_index/seggi_elettorali_palermo.jpg,"Politica,Accessibilità,Territorio","Seggi,Accessibilità,Palermo",Palermo,seggi_elettorali_palermo.html,https://palermohub.opendatasicilia.it/seggi_elettorali_palermo.html,Comune di Palermo,"@cirospat,@gbvitrano",01-12-2016,2016-December,2016
161,Mappa stazioni di monitoraggio polveri sottili 2016 della Città di Palermo,Qualità dell'aria del Comune di Palermo. La rete è costituita da 10 stazioni ubicate in vari punti rappresentativi della città dotate di apparecchiature per il controllo continuo dell’inquinamento atmosferico ed acustico.,legend/clip_index/polveri_sottili.jpg,"Ambiente,Salute,Territorio","Polveri Sottili,Monitoraggio,Palermo",Palermo,polveri_sottili.html,https://palermohub.opendatasicilia.it/polveri_sottili.html,RAP,"@cirospat,@gbvitrano",08-10-2016,2016-October,2016
162,ZTL Centrale - Palermo - 2016,ZTL e servizi di mobilità urbana prossimi alla ZTL Centrale - Palermo - 2016,legend/clip_index/ztl_pa.jpg,"Mobilità,Territorio,ZTL","ZTL,Palermo,Mobilità Urbana",Palermo,ztl_pa.html,https://palermohub.opendatasicilia.it/ztl_pa.html,Comune di Palermo,"@aborruso,@cirospat,@gbvitrano",09-09-2016,2016-September,2016
163,TimeMapper delle Vie dei Tesori 2016 della Città di Palermo (TimeMapper),TimeMapper delle Vie dei Tesori 2016 della Città di Palermo (TimeMapper),legend/clip_index/vie_dei_tesori_timemapper.jpg,"Cultura,Storia,Dati","TimeMapper,Vie dei Tesori,Palermo",Palermo,vie_dei_tesori_timemapper.html,https://palermohub.opendatasicilia.it/vie_dei_tesori_timemapper.html,leviedeitesori.com,@gbvitrano,08-09-2016,2016-September,2016
164,Rielaborazione della mappa le Vie dei Tesori Città di Palermo,Rielaborazione della mappa le Vie dei Tesori Città di Palermo,legend/clip_index/vie_dei_tesori.jpg,"Cultura,Storia,Territorio","Vie dei Tesori,Palermo,Cultura",Palermo,vie_dei_tesori.html,https://palermohub.opendatasicilia.it/vie_dei_tesori.html,leviedeitesori.com,"@cirospat,@gbvitrano",07-09-2016,2016-September,2016
165,Divieti di balneazione a Palermo nel 2016,Divieti di balneazione permanente per la stagione estiva 2016 nel comune di Palermo,legend/clip_index/divieti_baln.jpg,"Ambiente,Salute,Territorio","Balneazione,Divieti,Palermo",Palermo,divieti_baln.html,https://palermohub.opendatasicilia.it/divieti_baln.html,Comune di Palermo,@cirospat,24-06-2016,2016-June,2016
166,Luoghi di interesse turistico culturale archelologico artistico di Palermo,Luoghi di interesse turistico culturale archelologico artistico di Palermo,legend/clip_index/luoghi_interesse_turistico.jpg,"Cultura,Turismo,Territorio","Luoghi di Interesse,Palermo,Turismo",Palermo,luoghi_interesse_turistico.html,https://palermohub.opendatasicilia.it/luoghi_interesse_turistico.html,Comune di Palermo,"@piersoft,@gbvitrano",08-05-2016,2016-May,2016
167,Abusi edilizi polizia municipale Palermo – aggiornato al 2015,Abusi edilizi polizia municipale Palermo – aggiornato al 2015,legend/clip_index/abusi_edilizi_2015.jpg,"Ambiente,Urbanistica,Territorio","Abusi Edilizi,Controlli,Palermo",Palermo,abusi_edilizi_2015.html,https://palermohub.opendatasicilia.it/abusi_edilizi_2015.html,Comune di Palermo,@gbvitrano,07-05-2016,2016-May,2016
168,Inquinamento acustico Comune di Palermo,Mappa del livello di rumore giornaliero e notturno da traffico veicolare (Lden road e Lnight road),legend/clip_index/arpa_Lden.jpg,"Ambiente,Salute,Territorio","Inquinamento Acustico,Rumore,Palermo",Palermo,arpa_Lden.html,https://palermohub.opendatasicilia.it/arpa_Lden.html,Arpa Sicilia,@gbvitrano,04-05-2016,2016-May,2016
169,Aree di Abbandono incontrollato di rifiuti nel 2015,Aree pubbliche/private di Abbandono incontrollato di R.S.U. rifiuti ingombranti speciali o pericolosi a Palermo nel 2015,legend/clip_index/abbandono.jpg,"Ambiente,Rifiuti,Territorio","Abbandono,Rifiuti,Palermo",Palermo,abbandono.html,https://palermohub.opendatasicilia.it/abbandono.html,Comune di Palermo,@cirospat,09-03-2016,2016-March,2016
170,Geositi della Provincia di Enna,Geositi della Provincia di Enna,legend/clip_index/geositi_enna.jpg,"Ambiente,Natura,Geografia","Geositi,Enna,Geologia",Enna,geositi_enna.html,https://palermohub.opendatasicilia.it/geositi_enna.html,Provincia di Enna,@cirospat,08-03-2016,2016-March,2016
171,Stoccaggio rifiuti speciali a Palermo,Gestione e stoccaggio rifiuti speciali o pericolosi nel 2015 a Palermo,legend/clip_index/gest_stoccaggio.jpg,"Ambiente,Rifiuti,Territorio","Rifiuti Speciali,Stoccaggio,Palermo",Palermo,gest_stoccaggio.html,https://palermohub.opendatasicilia.it/gest_stoccaggio.html,Comune di Palermo,@cirospat,08-03-2016,2016-March,2016
172,Inquinamento acustico a Palermo nel 2015,Interventi di Polizia Municipale per inquinamento acustico 2015 a Palermo,legend/clip_index/inquinamento_acustico.jpg,"Ambiente,Salute,Territorio","Inquinamento Acustico,Controlli,Palermo",Palermo,inquinamento_acustico.html,https://palermohub.opendatasicilia.it/inquinamento_acustico.html,Comune di Palermo,@cirospat,07-03-2016,2016-March,2016
173,Verbali nel 2015 per irregolare conferimento rifiuti a Palermo,Verbali elevati nel 2015 per irregolare conferimento rifiuti o raccolta differenziata a Palermo,legend/clip_index/verbali.jpg,"Ambiente,Rifiuti,Territorio","Verbali,Rifiuti,Palermo",Palermo,verbali.html,https://palermohub.opendatasicilia.it/verbali.html,Comune di Palermo,@cirospat,07-03-2016,2016-March,2016
174,Vittime di mafia a Palermo,Localizzazione dei siti con vittime di mafia a Palermo,legend/clip_index/vittime_mafia.jpg,"Sicurezza,Storia,Territorio","Mafia,Vittime,Palermo",Palermo,vittime_mafia.html,https://palermohub.opendatasicilia.it/vittime_mafia.html,vittimemafia.it,@cirospat,05-03-2016,2016-March,2016
175,Cassonetti per la raccolta degli indumenti usati a Palermo,Cassonetti della società RAP SpA per la raccolta degli indumenti usati a Palermo,legend/clip_index/cassonetti_rap.jpg,"Ambiente,Rifiuti,Territorio","Riciclo,Indumenti,RAP",Palermo,cassonetti_rap.html,https://palermohub.opendatasicilia.it/cassonetti_rap.html,Comune di Palermo,@cirospat,01-03-2016,2016-March,2016
176,Mappa calore dei beni confiscati alle criminalità in Italia,Dati aggregati su base regionale provinciale e comunale a partire da quelli ufficiali dell'ANBSC aggiornati al 31 dicembre 2015 sito dell'agenzia.,legend/clip_index/beni_confiscati.jpg,"Urbanistica,Economia,Dati","Beni Confiscati,Criminalità,Italia",Italia,beni_confiscati.html,https://palermohub.opendatasicilia.it/beni_confiscati.html,confiscatibene.it,@gbvitrano,08-02-2016,2016-February,2016
177,Zonizzazione e vincoli sul territorio della Città di Palermo – Qgis Cloud,Zonizzazione e vincoli sul territorio della Città di Palermo – Qgis Cloud,legend/clip_index/prg_qgis_cloud.jpg,"Urbanistica,Pianificazione,Territorio","Zonizzazione,Vincoli,QGIS",Palermo,prg_qgis_cloud.html,https://palermohub.opendatasicilia.it/prg_qgis_cloud.html,Comune di Palermo,@gbvitrano,22-12-2015,2015-December,2015
178,OPEN Censimenti - Palermo,OPEN Censimenti - Italia su dati Istat 2011,legend/clip_index/opencensimenti_palermo.jpg,"Demografia,Dati,Geografia","ISTAT,Censimento,Italia",Italia,https://public.ixmaps.com.s3-website-eu-west-1.amazonaws.com/stage/app/Istat_basi_territoriali/Censimento_OnePage/index.html,https://public.ixmaps.com.s3-website-eu-west-1.amazonaws.com/stage/app/Istat_basi_territoriali/Censimento_OnePage/index.html,ISTAT,@grichter,04-07-2015,2015-July,2015
179,Piano Particolareggiato Esecutivo del Centro Storico di Palermo – Qgis Cloud,Piano Particolareggiato Esecutivo del Centro Storico di Palermo – Qgis Cloud,legend/clip_index/ppe_qgis_cloud.jpg,"Urbanistica,Pianificazione,Territorio","PPE,Centro Storico,QGIS",Palermo,ppe_qgis_cloud.html,https://palermohub.opendatasicilia.it/ppe_qgis_cloud.html,Comune di Palermo,@gbvitrano,22-05-2015,2015-May,2015
180,Mappatura al 2010 degli interventi nel Centro Storico di Palermo,Mappatura al 2010 degli interventi nel Centro Storico di Palermo,legend/clip_index/int_centro_storico.jpg,"Urbanistica,Storia,Territorio","Interventi,Centro Storico,Palermo",Palermo,int_centro_storico.html,https://palermohub.opendatasicilia.it/int_centro_storico.html,Il futuro del centro storico di Palermo di Maurizio Carta,"Maria Lucia Cannarozzo,Emilio Di Gristina,@gbvitrano",08-05-2015,2015-May,2015
181,Mappa monumentale di Palermo e dell'Agro Palermitano,Stanco della mancanza di una mappa monumentale seria e completa ho deciso di costruirmela da solo nella speranza che sia di gradimento. Marcello Petrucci,legend/clip_index/mappa_monumentale_palermo.jpg,"Cultura,Storia,Territorio","Mappa Monumentale,Palermo,Agro Palermitano",Palermo,mappa_monumentale.html,https://palermohub.opendatasicilia.it/mappa_monumentale.html,Marcello Petrucci,Marcello Petrucci,01-01-2015,2015-January,2015
182,Ortofoto 14 centimetri - Aree Urbane,"Le Ortofoto a risoluzione di 14 cm del SITR della Regione Siciliana - Aree Urbane - Palermo Enna Messina Ragusa Trapani - <a href=""http://opendatasicilia.it/2014/12/24/lortofoto-di-natale-14-centimetri/"" title=""Post OpenDataSicilia.it"" target=""_blank""> L’ortofoto di Natale a 14 centimetri</a>",legend/clip_index/ortofoto14cm.jpg,"Cartografia,Geografia,Territorio","Ortofoto,14 cm,Sicilia",Sicilia,ortofoto14cm.html,https://palermohub.opendatasicilia.it/ortofoto14cm.html,Regione Sicilia,@aborruso,24-12-2014,2014-December,2014
183,Vittime del Conflitto a Gaza,"In memoria delle vite perdute. Questa analisi presenta i dati demografici delle 60,199 vittime documentate nel conflitto in corso (aggiornato al 23 settembre 2025).",legend/clip_index/palestine.jpg,"Conflitti,Palestine","Gaza,Vittime,Guerra","Palestine,Gaza,Israele",https://palermohub.github.io/Palestine/,https://palermohub.github.io/Palestine/,data.techforpalestine.org,@gbvitrano,23-09-2025,2025-September,2025
184,Palermo 2015-2023 • Dashboard Interattiva,Analisi approfondita dei dati 2015-2023 rivela 28.239 incidenti: il 2023 segna l'anno più recente di una serie storica che evidenzia zone rosse e orari critici,legend/clip_index/palermo_incidenti_2015-2023.jpg,"Mobilità,Emergenze,Territorio","Incidenti,Sinistri,Strade pericolose",Palermo,palermo_incidenti.html,https://palermohub.opendatasicilia.it/palermo_incidenti.html,Comune di Palermo,@gbvitrano,09-10-2025,2025-October,2025
185,Chiusure Stradali Capodanno 2026 - Palermo,"Per i festeggiamenti di fine anno 2026, il Comune di Palermo ha deciso di chiudere al traffico diverse strade e piazze del centro storico. Ecco cosa devi sapere.",legend/clip_index/capodanno_2026.jpg,"Turismo,Mobilità,Sociale","Strade chiuse, Capodanno 2026, Divieti ",Palermo,capodanno_2026.html,https://palermohub.opendatasicilia.it/capodanno_2026.html,Comune di Palermo,@gbvitrano,25-12-2025,2025-December,2025
186,Sai se il tuo comune ha i numeri civici a posto?,"C’è uno strumento online, semplice e gratuito, che permette di vedere — con i propri occhi — come stanno andando i lavori sull’Anagrafe Nazionale dei Numeri Civici Stradali Urbani. Si chiama Analisi Numeri Civici ANNCSU – Italia",legend/clip_index/ANNCSU.jpg,"Urbanistica,Pianificazione,Territorio","ANNCSU,PNRR,Numeri Civici,Opendata",Italia,https://gbvitrano.github.io/ANNCSU/index.html,https://gbvitrano.github.io/ANNCSU/index.html,Agenzia delle Entrate,@gbvitrano,31-03-2026,2026-March,2026
187,Analisi raccolta differenziata in Sicilia,"L'applicazione ti permette di esplorare i dati sulla  raccolta differenziata in Sicilia, una mappa interattiva che mostra le percentuali di raccolta differenziata dei rifiuti urbani nei comuni siciliani dal 2010 al 2024.",legend/clip_index/RC_social_card.jpg,"Territorio,Sociale,Dati","Raccolta differenziata,Comuni,Rifiuti",Sicilia,https://gbvitrano.github.io/Differenziata/index.html,https://gbvitrano.github.io/Differenziata/index.html,ISPRA,@gbvitrano,19-04-2026,2026-April,2026
188,Capire il rischio sul territorio: le mappe bivariate del PAI per Palermo,"C'è una domanda che chi si occupa di urbanistica o protezione civile si fa spesso: dove vivono le persone più esposte al rischio idrogeologico?  Non basta sapere dove c'è rischio. Non basta sapere dove c'è gente. Serve vederli insieme, nello stesso posto, sulla stessa mappa.",legend/clip_index/bivariate_pai.jpg,"Territorio,Protezione Civile,Bivariate","PAI,Richio,Pericolo,Sicurezza",Palermo,bivariate_pai.html,Palermo Hub - Capire il rischio sul territorio: le mappe bivariate del PAI per Palermo,Comune di Palermo,@gbvitrano,09-06-2026,2026-June,2026
189,Mappa Bivariata — Densità Civici × Densità Popolazione · Palermo,L'idea di base è che queste due grandezze non sempre si muovono insieme. Un'alta densità di civici segnala un tessuto edilizio fitto o un centro commerciale/terziario; un'alta densità di popolazione segnala dove vive effettivamente la gente. Dove le due densità divergono si nascondono le dinamiche urbane più interessanti.,legend/clip_index/bivariate_annucs.jpg,"Territorio,Protezione Civile,Bivariate","ANNCSU,PNRR,Numeri Civici,Opendata",Palermo,bivariate_anncus.html,https://palermohub.opendatasicilia.it/bivariate_anncus.html,Comune di Palermo,@gbvitrano,10-06-2026,2026-June,2026
190,Densità pop. (ab/km²) × Offerta TPL (corse/ab) · Palermo,"Palermo ha 66 linee di trasporto pubblico, 1.643 fermate e quasi 12.000 corse giornaliere. Ma questi numeri, presi da soli, non bastano per capire se la città è davvero ben servita. Il problema non è quante corse ci sono in totale. È dove vanno.",legend/clip_index/bivariate_tpl.jpg,"Territorio,Amat,Bivariate","TPL,Bus,Tram",Palermo,bivariate_tpl.html,https://palermohub.opendatasicilia.it/bivariate_tpl.html,Comune di Palermo,@gbvitrano,12-06-2026,2026-June,2026
191,Analisi morfologica interattiva del territorio del Comune di Palermo su DTM 5m ad alta risoluzione,"36 analisi morfologiche sul DTM 5m di Palermo: pendenze, stabilità versanti, costruibilità, radiazione solare e molto altro. Mappa 3D interattiva su dati aperti.",legend/clip_index/dtm.jpg,"Territorio,DTM,Analisi","Elevazioni,Pendenze,Esposizione",Palermo,palermo_dtm5m.html,https://palermohub.opendatasicilia.it/palermo_dtm5m.html,"Comune di Palermo,Zenodo",@gbvitrano,27-06-2026,2026-June,2026
192,,,,,,,,,,,,,